2019-11-01 02:00:00	150.64640324219087
2019-11-01 03:00:00	3.0346504559370184
2019-11-01 04:00:00	79.3982868194948
2019-11-01 05:00:00	115.18010500147818
2019-11-01 06:00:00	88.12555954679421
2019-11-01 07:00:00	144.42418101988704
2019-11-01 08:00:00	127.0908476866422
2019-11-01 09:00:00	87.0908476865906
2019-11-01 10:00:00	169.31306990880188
2019-11-01 11:00:00	112.8686254643784
2019-11-01 12:00:00	28.424181020016498
2019-11-01 13:00:00	127.09084768654904
2019-11-01 14:00:00	15.090847686525144
2019-11-01 15:00:00	-9.79804120227172
2019-11-01 16:00:00	36.86862546431467
2019-11-01 17:00:00	51.979736575481674
2019-11-01 18:00:00	-40.02026342443234
2019-11-01 19:00:00	35.09084768666271
2019-11-01 20:00:00	83.97973657535599
2019-11-01 21:00:00	45.31306990887244
2019-11-01 22:00:00	54.64640324220713
2019-11-01 23:00:00	78.20195879764808
2019-11-02 00:00:00	44.86862546432194
2019-11-02 01:00:00	123.09084768660267
2019-11-02 02:00:00	174.6464032421689
2019-11-02 03:00:00	51.03465045596503
2019-11-02 04:00:00	103.3982868194637
2019-11-02 05:00:00	163.18010500145272
2019-11-02 06:00:00	136.12555954681636
2019-11-02 07:00:00	168.42418101988955
2019-11-02 08:00:00	175.09084768663527
2019-11-02 09:00:00	111.09084768655129
2019-11-02 10:00:00	169.3130699088045
2019-11-02 11:00:00	88.86862546436085
2019-11-02 12:00:00	28.424181020019947
2019-11-02 13:00:00	151.09084768657442
2019-11-02 14:00:00	63.09084768652095
2019-11-02 15:00:00	14.201958797727812
2019-11-02 16:00:00	108.8686254643352
2019-11-02 17:00:00	75.9797365754729
2019-11-02 18:00:00	31.979736575564818
2019-11-02 19:00:00	179.09084768662746
2019-11-02 20:00:00	251.9797365753832
2019-11-02 21:00:00	189.31306990885534
2019-11-02 22:00:00	174.6464032421802
2019-11-02 23:00:00	150.2019587976712
2019-11-03 00:00:00	140.86862546432195
2019-11-03 01:00:00	219.0908476866076
2019-11-03 02:00:00	246.6464032421751
2019-11-03 03:00:00	99.034650455935
2019-11-03 04:00:00	151.3982868194882
2019-11-03 05:00:00	163.1801050014404
2019-11-03 06:00:00	112.12555954682685
2019-11-03 07:00:00	144.42418101990114
2019-11-03 08:00:00	199.09084768663487
2019-11-03 09:00:00	87.09084768657497
2019-11-03 10:00:00	145.31306990881728
2019-11-03 11:00:00	160.86862546433775
2019-11-03 12:00:00	148.42418102002287
2019-11-03 13:00:00	247.09084768655686
2019-11-03 14:00:00	87.09084768653786
2019-11-03 15:00:00	-33.79804120228236
2019-11-03 16:00:00	36.86862546436179
2019-11-03 17:00:00	-20.020263424532246
2019-11-03 18:00:00	-88.02026342445014
2019-11-03 19:00:00	-12.909152313380833
2019-11-03 20:00:00	11.979736575367415
2019-11-03 21:00:00	-26.686930091115727
2019-11-03 22:00:00	-17.353596757829404
2019-11-03 23:00:00	-17.798041202335266
2019-11-04 00:00:00	-27.13137453566113
2019-11-04 01:00:00	27.090847686604132
2019-11-04 02:00:00	78.64640324216833
2019-11-04 03:00:00	-20.965349544042407
2019-11-04 04:00:00	7.398286819487903
2019-11-04 05:00:00	43.18010500143466
2019-11-04 06:00:00	40.12555954680968
2019-11-04 07:00:00	48.424181019908566
2019-11-04 08:00:00	103.09084768663843
2019-11-04 09:00:00	15.090847686569724
2019-11-04 10:00:00	49.31306990880464
2019-11-04 11:00:00	40.86862546433589
2019-11-04 12:00:00	-43.57581897996069
2019-11-04 13:00:00	103.09084768655889
2019-11-04 14:00:00	15.090847686521785
2019-11-04 15:00:00	-57.798041202281375
2019-11-04 16:00:00	12.86862546438146
2019-11-04 17:00:00	3.9797365754501706
2019-11-04 18:00:00	-88.02026342445035
2019-11-04 19:00:00	11.090847686615849
2019-11-04 20:00:00	11.979736575355503
2019-11-04 21:00:00	-2.6869300911183505
2019-11-04 22:00:00	-17.353596757836435
2019-11-04 23:00:00	-17.79804120232143
2019-11-05 00:00:00	-27.131374535636347
2019-11-05 01:00:00	51.090847686590365
2019-11-05 02:00:00	78.64640324215574
2019-11-05 03:00:00	-20.96534954403295
2019-11-05 04:00:00	31.39828681947543
2019-11-05 05:00:00	67.18010500143474
2019-11-05 06:00:00	40.12555954682776
2019-11-05 07:00:00	24.424181019878734
2019-11-05 08:00:00	103.09084768662925
2019-11-05 09:00:00	15.090847686594547
2019-11-05 10:00:00	49.313069908803264
2019-11-05 11:00:00	40.86862546434749
2019-11-05 12:00:00	-43.575818979975104
2019-11-05 13:00:00	103.09084768658768
2019-11-05 14:00:00	15.090847686495747
2019-11-05 15:00:00	-81.79804120225485
2019-11-05 16:00:00	12.868625464365653
2019-11-05 17:00:00	3.9797365754503904
2019-11-05 18:00:00	-112.02026342445097
2019-11-05 19:00:00	11.090847686625604
2019-11-05 20:00:00	11.979736575363454
2019-11-05 21:00:00	-26.686930091123024
2019-11-05 22:00:00	-17.35359675782775
2019-11-05 23:00:00	-17.798041202307246
2019-11-06 00:00:00	-3.1313745356511777
2019-11-06 01:00:00	27.09084768659099
2019-11-06 02:00:00	78.64640324218864
2019-11-06 03:00:00	-44.965349544076005
2019-11-06 04:00:00	31.39828681950059
2019-11-06 05:00:00	67.18010500141374
2019-11-06 06:00:00	40.125559546827816
2019-11-06 07:00:00	48.4241810199067
2019-11-06 08:00:00	127.0908476866106
2019-11-06 09:00:00	15.090847686586185
2019-11-06 10:00:00	49.313069908793054
2019-11-06 11:00:00	40.86862546433825
2019-11-06 12:00:00	-19.575818979948913
2019-11-06 13:00:00	103.09084768655987
2019-11-06 14:00:00	39.09084768651783
2019-11-06 15:00:00	-57.79804120228303
2019-11-06 16:00:00	60.868625464359475
2019-11-06 17:00:00	51.97973657545777
2019-11-06 18:00:00	-64.02026342444123
2019-11-06 19:00:00	59.09084768659782
2019-11-06 20:00:00	35.9797365753903
2019-11-06 21:00:00	-2.686930091126573
2019-11-06 22:00:00	6.646403242169836
2019-11-06 23:00:00	6.201958797682371
2019-11-07 00:00:00	44.86862546432833
2019-11-07 01:00:00	75.09084768660759
2019-11-07 02:00:00	174.64640324216504
2019-11-07 03:00:00	315.0346504559469
2019-11-07 04:00:00	223.3982868194908
2019-11-07 05:00:00	91.18010500141969
2019-11-07 06:00:00	64.12555954685304
2019-11-07 07:00:00	48.42418101987891
2019-11-07 08:00:00	127.09084768658765
2019-11-07 09:00:00	39.09084768659288
2019-11-07 10:00:00	49.313069908825575
2019-11-07 11:00:00	64.86862546433845
2019-11-07 12:00:00	4.424181020038096
2019-11-07 13:00:00	103.09084768658722
2019-11-07 14:00:00	63.090847686496026
2019-11-07 15:00:00	-57.79804120225506
2019-11-07 16:00:00	60.868625464351624
2019-11-07 17:00:00	3.9797365754527068
2019-11-07 18:00:00	-64.02026342447438
2019-11-07 19:00:00	35.090847686636764
2019-11-07 20:00:00	11.979736575404313
2019-11-07 21:00:00	-2.686930091136996
2019-11-07 22:00:00	6.646403242172168
2019-11-07 23:00:00	-17.798041202305264
2019-11-08 00:00:00	-3.131374535650976
2019-11-08 01:00:00	51.09084768655375
2019-11-08 02:00:00	102.64640324221439
2019-11-08 03:00:00	27.03465045592489
2019-11-08 04:00:00	199.3982868195024
2019-11-08 05:00:00	235.1801050014038
2019-11-08 06:00:00	280.1255595468558
2019-11-08 07:00:00	192.42418101987758
2019-11-08 08:00:00	199.09084768659466
2019-11-08 09:00:00	63.090847686584
2019-11-08 10:00:00	25.313069908823408
2019-11-08 11:00:00	40.868625464319216
2019-11-08 12:00:00	-19.57581897997002
2019-11-08 13:00:00	79.09084768659011
2019-11-08 14:00:00	39.090847686528114
2019-11-08 15:00:00	-57.79804120229292
2019-11-08 16:00:00	12.868625464390444
2019-11-08 17:00:00	-20.020263424545412
2019-11-08 18:00:00	-88.02026342448502
2019-11-08 19:00:00	11.090847686628848
2019-11-08 20:00:00	-12.020263424595138
2019-11-08 21:00:00	-26.686930091159862
2019-11-08 22:00:00	-17.35359675782199
2019-11-08 23:00:00	-41.7980412023015
2019-11-09 00:00:00	-3.13137453564039
2019-11-09 01:00:00	27.09084768657324
2019-11-09 02:00:00	78.64640324219803
2019-11-09 03:00:00	-44.96534954406894
2019-11-09 04:00:00	55.398286819530256
2019-11-09 05:00:00	19.180105001385247
2019-11-09 06:00:00	64.12555954685982
2019-11-09 07:00:00	24.424181019883562
2019-11-09 08:00:00	127.09084768659194
2019-11-09 09:00:00	15.09084768662745
2019-11-09 10:00:00	1.3130699088362827
2019-11-09 11:00:00	40.86862546431456
2019-11-09 12:00:00	-43.5758189799814
2019-11-09 13:00:00	55.09084768660249
2019-11-09 14:00:00	39.09084768654196
2019-11-09 15:00:00	-81.79804120225869
2019-11-09 16:00:00	12.868625464361475
2019-11-09 17:00:00	-20.02026342455966
2019-11-09 18:00:00	-88.02026342446297
2019-11-09 19:00:00	11.090847686597478
2019-11-09 20:00:00	11.979736575445777
2019-11-09 21:00:00	-26.686930091134144
2019-11-09 22:00:00	-17.35359675784527
2019-11-09 23:00:00	-41.79804120231775
2019-11-10 00:00:00	20.868625464361926
2019-11-10 01:00:00	27.09084768658216
2019-11-10 02:00:00	78.6464032421683
2019-11-10 03:00:00	-44.965349544050476
2019-11-10 04:00:00	55.39828681952887
2019-11-10 05:00:00	19.18010500138413
2019-11-10 06:00:00	64.12555954683422
2019-11-10 07:00:00	24.424181019890327
2019-11-10 08:00:00	103.09084768656493
2019-11-10 09:00:00	15.090847686654552
2019-11-10 10:00:00	1.313069908829469
2019-11-10 11:00:00	40.86862546431986
2019-11-10 12:00:00	-43.575818979999816
2019-11-10 13:00:00	55.09084768659794
2019-11-10 14:00:00	39.09084768652225
2019-11-10 15:00:00	-81.79804120230128
2019-11-10 16:00:00	36.86862546437379
2019-11-10 17:00:00	-20.020263424531223
2019-11-10 18:00:00	-64.02026342448426
2019-11-10 19:00:00	11.090847686605052
2019-11-10 20:00:00	11.979736575412536
2019-11-10 21:00:00	-26.6869300911383
2019-11-10 22:00:00	-17.353596757841213
2019-11-10 23:00:00	-41.79804120231936
2019-11-11 00:00:00	20.86862546435428
2019-11-11 01:00:00	3.090847686577204
2019-11-11 02:00:00	78.64640324216505
2019-11-11 03:00:00	-20.965349544044315
2019-11-11 04:00:00	55.398286819525744
2019-11-11 05:00:00	19.180105001390846
2019-11-11 06:00:00	64.12555954685962
2019-11-11 07:00:00	24.424181019874535
2019-11-11 08:00:00	103.09084768660684
2019-11-11 09:00:00	39.09084768662277
2019-11-11 10:00:00	1.3130699088195987
2019-11-11 11:00:00	40.8686254643034
2019-11-11 12:00:00	-19.575818979997617
2019-11-11 13:00:00	55.09084768659486
2019-11-11 14:00:00	63.090847686536755
2019-11-11 15:00:00	-57.79804120225273
2019-11-11 16:00:00	36.86862546435306
2019-11-11 17:00:00	-20.020263424530523
2019-11-11 18:00:00	-88.02026342449928
2019-11-11 19:00:00	-12.9091523133579
2019-11-11 20:00:00	11.979736575416538
2019-11-11 21:00:00	-2.6869300911580503
2019-11-11 22:00:00	6.646403242158092
2019-11-11 23:00:00	6.201958797671683
2019-11-12 00:00:00	68.86862546438486
2019-11-12 01:00:00	51.090847686566526
2019-11-12 02:00:00	126.64640324216516
2019-11-12 03:00:00	3.0346504559614056
2019-11-12 04:00:00	55.398286819531904
2019-11-12 05:00:00	43.18010500137835
2019-11-12 06:00:00	40.12555954685777
2019-11-12 07:00:00	24.424181019871696
2019-11-12 08:00:00	103.09084768662287
2019-11-12 09:00:00	63.09084768662683
2019-11-12 10:00:00	25.3130699088142
2019-11-12 11:00:00	40.86862546429685
2019-11-12 12:00:00	28.424181020003466
2019-11-12 13:00:00	127.09084768661457
2019-11-12 14:00:00	231.09084768653705
2019-11-12 15:00:00	62.20195879772942
2019-11-12 16:00:00	108.8686254643617
2019-11-12 17:00:00	51.979736575458126
2019-11-12 18:00:00	-64.02026342451153
2019-11-12 19:00:00	11.090847686621188
2019-11-12 20:00:00	59.97973657545003
2019-11-12 21:00:00	21.313069908878155
2019-11-12 22:00:00	30.64640324214086
2019-11-12 23:00:00	6.201958797697724
2019-11-13 00:00:00	44.86862546438688
2019-11-13 01:00:00	51.090847686544706
2019-11-13 02:00:00	78.64640324217181
2019-11-13 03:00:00	-20.965349544023464
2019-11-13 04:00:00	31.398286819496654
2019-11-13 05:00:00	43.18010500139087
2019-11-13 06:00:00	16.12555954686195
2019-11-13 07:00:00	24.424181019842642
2019-11-13 08:00:00	79.09084768661536
2019-11-13 09:00:00	39.090847686652026
2019-11-13 10:00:00	1.3130699088291817
2019-11-13 11:00:00	16.868625464295512
2019-11-13 12:00:00	-19.57581898000926
2019-11-13 13:00:00	31.090847686637417
2019-11-13 14:00:00	63.090847686527006
2019-11-13 15:00:00	-57.79804120227312
2019-11-13 16:00:00	12.86862546436593
2019-11-13 17:00:00	3.9797365754612937
2019-11-13 18:00:00	-64.02026342451238
2019-11-13 19:00:00	-12.909152313369443
2019-11-13 20:00:00	35.97973657543127
2019-11-13 21:00:00	-2.6869300911231857
2019-11-13 22:00:00	30.64640324215669
2019-11-13 23:00:00	6.201958797685458
2019-11-14 00:00:00	68.86862546438073
2019-11-14 01:00:00	75.09084768655772
2019-11-14 02:00:00	102.64640324217109
2019-11-14 03:00:00	3.034650455968035
2019-11-14 04:00:00	55.398286819528906
2019-11-14 05:00:00	67.1801050013806
2019-11-14 06:00:00	40.12555954685007
2019-11-14 07:00:00	48.42418101985717
2019-11-14 08:00:00	79.09084768660857
2019-11-14 09:00:00	63.09084768664477
2019-11-14 10:00:00	1.3130699088131292
2019-11-14 11:00:00	16.868625464333608
2019-11-14 12:00:00	-19.575818980019243
2019-11-14 13:00:00	31.090847686588926
2019-11-14 14:00:00	63.090847686552706
2019-11-14 15:00:00	-57.798041202268735
2019-11-14 16:00:00	36.86862546436936
2019-11-14 17:00:00	3.9797365754835
2019-11-14 18:00:00	-64.02026342452719
2019-11-14 19:00:00	-36.90915231338265
2019-11-14 20:00:00	35.9797365754535
2019-11-14 21:00:00	-26.686930091138294
2019-11-14 22:00:00	6.64640324214454
2019-11-14 23:00:00	6.201958797674891
2019-11-15 00:00:00	44.868625464385744
2019-11-15 01:00:00	75.09084768657847
2019-11-15 02:00:00	78.64640324216097
2019-11-15 03:00:00	-20.96534954404525
2019-11-15 04:00:00	31.398286819565172
2019-11-15 05:00:00	43.18010500136041
2019-11-15 06:00:00	40.12555954685243
2019-11-15 07:00:00	48.42418101985447
2019-11-15 08:00:00	103.09084768659683
2019-11-15 09:00:00	87.09084768661137
2019-11-15 10:00:00	25.313069908820758
2019-11-15 11:00:00	40.86862546432887
2019-11-15 12:00:00	4.424181019972405
2019-11-15 13:00:00	55.09084768662382
2019-11-15 14:00:00	87.0908476865464
2019-11-15 15:00:00	-9.798041202276334
2019-11-15 16:00:00	36.868625464364634
2019-11-15 17:00:00	27.97973657548108
2019-11-15 18:00:00	-40.02026342451653
2019-11-15 19:00:00	-36.90915231340276
2019-11-15 20:00:00	35.97973657546335
2019-11-15 21:00:00	-26.68693009111804
2019-11-15 22:00:00	6.646403242125998
2019-11-15 23:00:00	30.2019587976678
2019-11-16 00:00:00	44.86862546439426
2019-11-16 01:00:00	75.09084768657043
2019-11-16 02:00:00	78.64640324215259
2019-11-16 03:00:00	3.0346504559601213
2019-11-16 04:00:00	55.39828681952907
2019-11-16 05:00:00	43.18010500140971
2019-11-16 06:00:00	64.12555954685709
2019-11-16 07:00:00	48.42418101986391
2019-11-16 08:00:00	55.090847686579764
2019-11-16 09:00:00	63.0908476866316
2019-11-16 10:00:00	1.3130699088217255
2019-11-16 11:00:00	16.868625464330727
2019-11-16 12:00:00	-19.57581898002834
2019-11-16 13:00:00	31.090847686614314
2019-11-16 14:00:00	39.09084768657097
2019-11-16 15:00:00	-33.79804120226825
2019-11-16 16:00:00	12.86862546435935
2019-11-16 17:00:00	3.9797365754922307
2019-11-16 18:00:00	-64.02026342450444
2019-11-16 19:00:00	-12.909152313396739
2019-11-16 20:00:00	11.979736575428426
2019-11-16 21:00:00	-26.686930091122306
2019-11-16 22:00:00	6.646403242127335
2019-11-16 23:00:00	30.20195879768847
2019-11-17 00:00:00	44.86862546440474
2019-11-17 01:00:00	99.09084768656793
2019-11-17 02:00:00	102.64640324214108
2019-11-17 03:00:00	3.034650455938724
2019-11-17 04:00:00	79.3982868195433
2019-11-17 05:00:00	43.180105001404065
2019-11-17 06:00:00	64.12555954683458
2019-11-17 07:00:00	48.42418101987854
2019-11-17 08:00:00	55.090847686591296
2019-11-17 09:00:00	87.09084768662674
2019-11-17 10:00:00	25.313069908832468
2019-11-17 11:00:00	40.8686254643052
2019-11-17 12:00:00	4.424181019958162
2019-11-17 13:00:00	31.090847686611113
2019-11-17 14:00:00	39.09084768655864
2019-11-17 15:00:00	-33.79804120229428
2019-11-17 16:00:00	12.868625464376839
2019-11-17 17:00:00	-20.02026342454002
2019-11-17 18:00:00	-40.020263424472404
2019-11-17 19:00:00	-12.909152313425551
2019-11-17 20:00:00	59.979736575452485
2019-11-17 21:00:00	-2.6869300911478584
2019-11-17 22:00:00	30.64640324212763
2019-11-17 23:00:00	30.201958797697277
2019-11-18 00:00:00	44.8686254644171
2019-11-18 01:00:00	75.09084768654579
2019-11-18 02:00:00	54.646403242142476
2019-11-18 03:00:00	-20.96534954406275
2019-11-18 04:00:00	55.39828681954251
2019-11-18 05:00:00	19.180105001405444
2019-11-18 06:00:00	64.12555954682526
2019-11-18 07:00:00	48.42418101987779
2019-11-18 08:00:00	79.09084768661862
2019-11-18 09:00:00	87.09084768662518
2019-11-18 10:00:00	25.31306990882517
2019-11-18 11:00:00	16.86862546433173
2019-11-18 12:00:00	28.42418101993789
2019-11-18 13:00:00	31.090847686633282
2019-11-18 14:00:00	63.090847686558774
2019-11-18 15:00:00	-9.798041202289273
2019-11-18 16:00:00	12.868625464360214
2019-11-18 17:00:00	-20.020263424531606
2019-11-18 18:00:00	-16.02026342446517
2019-11-18 19:00:00	-36.90915231342115
2019-11-18 20:00:00	11.979736575484669
2019-11-18 21:00:00	-26.68693009118675
2019-11-18 22:00:00	6.64640324213911
2019-11-18 23:00:00	54.20195879771427
2019-11-19 00:00:00	44.86862546441021
2019-11-19 01:00:00	75.0908476865299
2019-11-19 02:00:00	78.64640324214758
2019-11-19 03:00:00	3.034650455925755
2019-11-19 04:00:00	55.39828681955859
2019-11-19 05:00:00	19.180105001375722
2019-11-19 06:00:00	88.12555954684676
2019-11-19 07:00:00	72.42418101990117
2019-11-19 08:00:00	127.09084768660955
2019-11-19 09:00:00	111.09084768662987
2019-11-19 10:00:00	25.313069908812665
2019-11-19 11:00:00	16.86862546431864
2019-11-19 12:00:00	28.424181019934146
2019-11-19 13:00:00	7.090847686601765
2019-11-19 14:00:00	63.09084768659045
2019-11-19 15:00:00	14.201958797705979
2019-11-19 16:00:00	36.86862546434494
2019-11-19 17:00:00	-20.02026342453768
2019-11-19 18:00:00	7.979736575517972
2019-11-19 19:00:00	-12.909152313406302
2019-11-19 20:00:00	11.97973657546137
2019-11-19 21:00:00	21.3130699088438
2019-11-19 22:00:00	30.646403242137815
2019-11-19 23:00:00	54.201958797712564
2019-11-20 00:00:00	44.86862546438182
2019-11-20 01:00:00	99.09084768658728
2019-11-20 02:00:00	54.64640324213495
2019-11-20 03:00:00	27.03465045592696
2019-11-20 04:00:00	31.398286819569947
2019-11-20 05:00:00	43.18010500136949
2019-11-20 06:00:00	64.1255595468409
2019-11-20 07:00:00	48.42418101990031
2019-11-20 08:00:00	79.0908476866183
2019-11-20 09:00:00	111.09084768663037
2019-11-20 10:00:00	1.3130699088060513
2019-11-20 11:00:00	40.86862546432893
2019-11-20 12:00:00	28.42418101993304
2019-11-20 13:00:00	7.090847686589887
2019-11-20 14:00:00	39.090847686581164
2019-11-20 15:00:00	14.201958797689498
2019-11-20 16:00:00	12.868625464379184
2019-11-20 17:00:00	3.9797365754919447
2019-11-20 18:00:00	7.9797365754804215
2019-11-20 19:00:00	-36.90915231341265
2019-11-20 20:00:00	11.979736575496853
2019-11-20 21:00:00	-2.6869300911806038
2019-11-20 22:00:00	30.64640324213177
2019-11-20 23:00:00	30.20195879772333
2019-11-21 00:00:00	44.86862546438527
2019-11-21 01:00:00	75.09084768656004
2019-11-21 02:00:00	30.646403242142064
2019-11-21 03:00:00	27.034650455925824
2019-11-21 04:00:00	31.39828681956108
2019-11-21 05:00:00	43.1801050013714
2019-11-21 06:00:00	40.12555954685625
2019-11-21 07:00:00	72.4241810198854
2019-11-21 08:00:00	79.09084768663473
2019-11-21 09:00:00	135.09084768660142
2019-11-21 10:00:00	25.313069908816836
2019-11-21 11:00:00	64.86862546432152
2019-11-21 12:00:00	28.4241810199418
2019-11-21 13:00:00	31.090847686603077
2019-11-21 14:00:00	63.09084768657539
2019-11-21 15:00:00	14.201958797661725
2019-11-21 16:00:00	60.868625464384685
2019-11-21 17:00:00	27.97973657549924
2019-11-21 18:00:00	31.97973657547219
2019-11-21 19:00:00	-12.909152313406992
2019-11-21 20:00:00	59.97973657548043
2019-11-21 21:00:00	69.31306990882199
2019-11-21 22:00:00	102.64640324214837
2019-11-21 23:00:00	126.20195879771953
2019-11-22 00:00:00	140.86862546436822
2019-11-22 01:00:00	147.09084768655146
2019-11-22 02:00:00	126.64640324214139
2019-11-22 03:00:00	123.03465045591417
2019-11-22 04:00:00	103.39828681959523
2019-11-22 05:00:00	139.180105001347
2019-11-22 06:00:00	112.12555954685767
2019-11-22 07:00:00	144.4241810199264
2019-11-22 08:00:00	199.09084768659054
2019-11-22 09:00:00	279.09084768660495
2019-11-22 10:00:00	217.31306990883397
2019-11-22 11:00:00	280.8686254643244
2019-11-22 12:00:00	388.42418101993997
2019-11-22 13:00:00	511.090847686604
2019-11-22 14:00:00	567.0908476865537
2019-11-22 15:00:00	638.2019587976806
2019-11-22 16:00:00	732.8686254644044
2019-11-22 17:00:00	675.9797365755143
2019-11-22 18:00:00	631.9797365754412
2019-11-22 19:00:00	515.0908476866218
2019-11-22 20:00:00	491.9797365754687
2019-11-22 21:00:00	405.31306990881956
2019-11-22 22:00:00	342.64640324212405
2019-11-22 23:00:00	270.20195879776657
2019-11-23 00:00:00	188.86862546435748
2019-11-23 01:00:00	195.09084768656388
2019-11-23 02:00:00	102.64640324211837
2019-11-23 03:00:00	123.0346504559422
2019-11-23 04:00:00	103.39828681959823
2019-11-23 05:00:00	139.18010500134795
2019-11-23 06:00:00	112.12555954683846
2019-11-23 07:00:00	120.42418101991474
2019-11-23 08:00:00	151.09084768663035
2019-11-23 09:00:00	159.0908476866014
2019-11-23 10:00:00	121.31306990883476
2019-11-23 11:00:00	160.86862546430666
2019-11-23 12:00:00	172.42418101992004
2019-11-23 13:00:00	199.0908476866059
2019-11-23 14:00:00	255.09084768657127
2019-11-23 15:00:00	158.20195879772223
2019-11-23 16:00:00	108.86862546438623
2019-11-23 17:00:00	3.9797365754853944
2019-11-23 18:00:00	-16.020263424541675
2019-11-23 19:00:00	-60.90915231338954
2019-11-23 20:00:00	11.979736575480082
2019-11-23 21:00:00	45.313069908792244
2019-11-23 22:00:00	30.64640324214753
2019-11-23 23:00:00	78.20195879776809
2019-11-24 00:00:00	92.86862546433866
2019-11-24 01:00:00	99.09084768656871
2019-11-24 02:00:00	30.64640324212891
2019-11-24 03:00:00	123.03465045593524
2019-11-24 04:00:00	31.398286819553654
2019-11-24 05:00:00	67.18010500136343
2019-11-24 06:00:00	16.125559546825997
2019-11-24 07:00:00	48.42418101994741
2019-11-24 08:00:00	79.09084768660608
2019-11-24 09:00:00	87.09084768661526
2019-11-24 10:00:00	1.3130699088156703
2019-11-24 11:00:00	40.86862546431175
2019-11-24 12:00:00	28.424181019905827
2019-11-24 13:00:00	7.090847686626001
2019-11-24 14:00:00	63.09084768659599
2019-11-24 15:00:00	14.201958797692981
2019-11-24 16:00:00	36.868625464385254
2019-11-24 17:00:00	3.9797365755010823
2019-11-24 18:00:00	-16.02026342457197
2019-11-24 19:00:00	-60.909152313411255
2019-11-24 20:00:00	35.97973657551092
2019-11-24 21:00:00	21.313069908764845
2019-11-24 22:00:00	54.64640324215299
2019-11-24 23:00:00	78.20195879773865
2019-11-25 00:00:00	68.86862546435523
2019-11-25 01:00:00	75.09084768657304
2019-11-25 02:00:00	54.64640324211635
2019-11-25 03:00:00	75.03465045594389
2019-11-25 04:00:00	31.398286819584314
2019-11-25 05:00:00	91.18010500133286
2019-11-25 06:00:00	16.125559546850667
2019-11-25 07:00:00	72.42418101993475
2019-11-25 08:00:00	127.09084768660207
2019-11-25 09:00:00	111.0908476865962
2019-11-25 10:00:00	49.31306990883746
2019-11-25 11:00:00	64.86862546432569
2019-11-25 12:00:00	52.42418101990304
2019-11-25 13:00:00	79.09084768662524
2019-11-25 14:00:00	87.09084768657856
2019-11-25 15:00:00	62.20195879769828
2019-11-25 16:00:00	60.86862546438506
2019-11-25 17:00:00	27.97973657552193
2019-11-25 18:00:00	55.97973657539666
2019-11-25 19:00:00	-36.909152313374264
2019-11-25 20:00:00	59.97973657547576
2019-11-25 21:00:00	45.31306990880047
2019-11-25 22:00:00	78.64640324216991
2019-11-25 23:00:00	174.2019587977446
2019-11-26 00:00:00	140.8686254643565
2019-11-26 01:00:00	195.0908476865682
2019-11-26 02:00:00	126.64640324212826
2019-11-26 03:00:00	171.03465045594817
2019-11-26 04:00:00	127.39828681958755
2019-11-26 05:00:00	163.18010500133093
2019-11-26 06:00:00	88.12555954683779
2019-11-26 07:00:00	144.4241810199611
2019-11-26 08:00:00	151.09084768660637
2019-11-26 09:00:00	159.0908476865853
2019-11-26 10:00:00	97.31306990883272
2019-11-26 11:00:00	184.86862546434597
2019-11-26 12:00:00	292.4241810199035
2019-11-26 13:00:00	583.0908476866185
2019-11-26 14:00:00	447.09084768658977
2019-11-26 15:00:00	206.20195879771353
2019-11-26 16:00:00	204.86862546434813
2019-11-26 17:00:00	171.9797365755193
2019-11-26 18:00:00	175.9797365754181
2019-11-26 19:00:00	-36.90915231339769
2019-11-26 20:00:00	11.979736575494666
2019-11-26 21:00:00	-2.686930091200474
2019-11-26 22:00:00	-17.353596757868655
2019-11-26 23:00:00	54.201958797755466
2019-11-27 00:00:00	20.86862546437736
2019-11-27 01:00:00	75.09084768656352
2019-11-27 02:00:00	-17.353596757876964
2019-11-27 03:00:00	51.034650455949176
2019-11-27 04:00:00	7.398286819605708
2019-11-27 05:00:00	43.18010500132712
2019-11-27 06:00:00	-7.874440453182359
2019-11-27 07:00:00	24.424181019975123
2019-11-27 08:00:00	79.09084768660337
2019-11-27 09:00:00	87.0908476865715
2019-11-27 10:00:00	49.313069908834464
2019-11-27 11:00:00	40.868625464356036
2019-11-27 12:00:00	4.424181019907994
2019-11-27 13:00:00	7.090847686598442
2019-11-27 14:00:00	39.09084768658666
2019-11-27 15:00:00	14.201958797722613
2019-11-27 16:00:00	12.868625464360873
2019-11-27 17:00:00	-20.020263424478426
2019-11-27 18:00:00	-16.02026342460713
2019-11-27 19:00:00	-108.90915231340104
2019-11-27 20:00:00	11.979736575489397
2019-11-27 21:00:00	-2.686930091231609
2019-11-27 22:00:00	6.646403242162858
2019-11-27 23:00:00	78.20195879773514
2019-11-28 00:00:00	20.86862546439231
2019-11-28 01:00:00	75.09084768657982
2019-11-28 02:00:00	6.646403242120539
2019-11-28 03:00:00	75.03465045593326
2019-11-28 04:00:00	31.3982868196207
2019-11-28 05:00:00	67.18010500130436
2019-11-28 06:00:00	16.125559546842908
2019-11-28 07:00:00	96.42418101993708
2019-11-28 08:00:00	127.0908476866006
2019-11-28 09:00:00	183.0908476865918
2019-11-28 10:00:00	97.31306990883513
2019-11-28 11:00:00	40.868625464372016
2019-11-28 12:00:00	4.424181019894587
2019-11-28 13:00:00	7.090847686618607
2019-11-28 14:00:00	15.09084768661149
2019-11-28 15:00:00	14.201958797717847
2019-11-28 16:00:00	12.868625464361577
2019-11-28 17:00:00	-20.020263424482547
2019-11-28 18:00:00	-16.020263424597836
2019-11-28 19:00:00	-84.9091523133959
2019-11-28 20:00:00	35.97973657547694
2019-11-28 21:00:00	69.31306990879969
2019-11-28 22:00:00	294.64640324215577
2019-11-28 23:00:00	294.20195879773917
2019-11-29 00:00:00	188.86862546439045
2019-11-29 01:00:00	363.0908476865693
2019-11-29 02:00:00	246.64640324214423
2019-11-29 03:00:00	339.0346504559379
2019-11-29 04:00:00	247.39828681962499
2019-11-29 05:00:00	283.1801050013296
2019-11-29 06:00:00	208.12555954682205
2019-11-29 07:00:00	336.4241810199536
2019-11-29 08:00:00	367.0908476865963
2019-11-29 09:00:00	447.09084768657243
2019-11-29 10:00:00	385.31306990881046
2019-11-29 11:00:00	280.8686254643777
2019-11-29 12:00:00	124.42418101991244
2019-11-29 13:00:00	55.090847686607994
2019-11-29 14:00:00	39.09084768659683
2019-11-29 15:00:00	62.201958797717346
2019-11-29 16:00:00	36.8686254643632
2019-11-29 17:00:00	3.979736575499078
2019-11-29 18:00:00	7.979736575432224
2019-11-29 19:00:00	-84.9091523134152
2019-11-29 20:00:00	59.979736575481496
2019-11-29 21:00:00	-2.6869300912109697
2019-11-29 22:00:00	54.646403242190885
2019-11-29 23:00:00	126.20195879768669
2019-11-30 00:00:00	44.868625464416006
2019-11-30 01:00:00	147.09084768657547
2019-11-30 02:00:00	54.6464032421498
2019-11-30 03:00:00	123.03465045591048
2019-11-30 04:00:00	31.398286819647506
2019-11-30 05:00:00	91.1801050012875
2019-11-30 06:00:00	-7.874440453175097
2019-11-30 07:00:00	120.42418101994141
2019-11-30 08:00:00	151.09084768662765
2019-11-30 09:00:00	279.0908476865443
2019-11-30 10:00:00	265.31306990880466
2019-11-30 11:00:00	256.86862546438795
2019-11-30 12:00:00	172.4241810198972
2019-11-30 13:00:00	151.09084768662095
2019-11-30 14:00:00	87.09084768658914
2019-11-30 15:00:00	62.201958797716614
2019-11-30 16:00:00	12.86862546435674
2019-11-30 17:00:00	3.9797365755022174
2019-11-30 18:00:00	-16.020263424563915
2019-11-30 19:00:00	-108.90915231337569
2019-11-30 20:00:00	35.979736575461494
2019-11-30 21:00:00	-26.686930091212528
2019-11-30 22:00:00	30.646403242178437
2019-11-30 23:00:00	78.20195879768251
2019-12-01 00:00:00	20.868625464422205
2019-12-01 01:00:00	75.09084768657384
2019-12-01 02:00:00	198.64640324216967
2019-12-01 03:00:00	315.0346504558968
2019-12-01 04:00:00	151.39828681961572
2019-12-01 05:00:00	115.18010500130657
2019-12-01 06:00:00	40.125559546864466
2019-12-01 07:00:00	168.4241810199229
2019-12-01 08:00:00	79.09084768659042
2019-12-01 09:00:00	15.09084768654424
2019-12-01 10:00:00	25.313069908835374
2019-12-01 11:00:00	88.86862546438203
2019-12-01 12:00:00	52.42418101990615
2019-12-01 13:00:00	55.09084768660597
2019-12-01 14:00:00	87.09084768660051
2019-12-01 15:00:00	86.20195879771228
2019-12-01 16:00:00	12.86862546436378
2019-12-01 17:00:00	3.9797365754953073
2019-12-01 18:00:00	-40.02026342454334
2019-12-01 19:00:00	-108.90915231337463
2019-12-01 20:00:00	11.979736575462006
2019-12-01 21:00:00	-26.68693009119066
2019-12-01 22:00:00	6.646403242173468
2019-12-01 23:00:00	30.201958797672702
2019-12-02 00:00:00	-3.1313745356015446
2019-12-02 01:00:00	27.09084768656519
2019-12-02 02:00:00	-17.353596757846873
2019-12-02 03:00:00	51.03465045592886
2019-12-02 04:00:00	7.398286819611543
2019-12-02 05:00:00	19.180105001348828
2019-12-02 06:00:00	-55.87444045313803
2019-12-02 07:00:00	48.42418101993253
2019-12-02 08:00:00	-16.90915231341993
2019-12-02 09:00:00	-8.909152313438028
2019-12-02 10:00:00	25.313069908821337
2019-12-02 11:00:00	64.86862546438165
2019-12-02 13:00:00	52.424181019882255
2019-12-02 14:00:00	31.090847686625303
2019-12-02 15:00:00	39.09084768660886
2019-12-02 16:00:00	86.20195879769393
2019-12-02 17:00:00	-11.131374535605984
2019-12-02 18:00:00	3.979736575482815
2019-12-02 19:00:00	-16.02026342452522
2019-12-02 20:00:00	-84.9091523133828
2019-12-02 21:00:00	-12.020263424538507
2019-12-02 22:00:00	-2.6869300911963974
2019-12-02 23:00:00	6.646403242146541
2019-12-03 00:00:00	54.201958797695504
2019-12-03 01:00:00	20.868625464409583
2019-12-03 02:00:00	51.0908476865777
2019-12-03 03:00:00	6.646403242131034
2019-12-03 04:00:00	51.03465045590656
2019-12-03 05:00:00	31.398286819624442
2019-12-03 06:00:00	19.180105001343296
2019-12-03 07:00:00	-31.87444045315125
2019-12-03 08:00:00	48.424181019921214
2019-12-03 10:00:00	-40.909152313370775
2019-12-03 11:00:00	-8.909152313465395
2019-12-03 12:00:00	49.31306990883453
2019-12-03 13:00:00	88.86862546439141
2019-12-03 14:00:00	52.4241810198694
2019-12-03 15:00:00	55.090847686623626
2019-12-03 16:00:00	39.09084768662002
2019-12-03 17:00:00	86.20195879771791
2019-12-03 18:00:00	-11.131374535637704
2019-12-03 19:00:00	3.979736575512383
2019-12-03 20:00:00	-16.02026342452897
2019-12-03 21:00:00	-84.90915231341523
2019-12-03 22:00:00	11.979736575481027
2019-12-03 23:00:00	-2.686930091216789
2019-12-04 00:00:00	6.646403242159798
2019-12-04 01:00:00	54.201958797679595
2019-12-04 02:00:00	20.86862546442291
2019-12-04 03:00:00	51.09084768657465
2019-12-04 04:00:00	30.646403242128223
2019-12-04 05:00:00	27.03465045591119
2019-12-04 06:00:00	55.39828681962853
2019-12-04 07:00:00	19.180105001367842
2019-12-04 08:00:00	-7.874440453146519
2019-12-04 09:00:00	48.42418101988382
2019-12-04 10:00:00	-16.909152313392994
2019-12-04 12:00:00	15.090847686565297
2019-12-04 13:00:00	25.313069908806998
2019-12-04 14:00:00	88.8686254643825
2019-12-04 15:00:00	76.42418101988856
2019-12-04 16:00:00	55.09084768660584
2019-12-04 17:00:00	39.09084768662021
2019-12-04 18:00:00	86.20195879771087
2019-12-04 19:00:00	-11.131374535635576
2019-12-04 20:00:00	3.9797365754778466
2019-12-04 21:00:00	-16.020263424514
2019-12-04 22:00:00	-60.90915231341451
2019-12-04 23:00:00	11.979736575521384
2019-12-05 00:00:00	-2.6869300912412237
2019-12-05 01:00:00	30.646403242170614
2019-12-05 02:00:00	54.20195879767552
2019-12-05 03:00:00	20.868625464447334
2019-12-05 04:00:00	51.09084768656109
2019-12-05 05:00:00	30.646403242139215
2019-12-05 06:00:00	27.034650455888993
2019-12-05 07:00:00	55.39828681962136
2019-12-05 08:00:00	19.180105001381044
2019-12-05 09:00:00	16.125559546854845
2019-12-05 10:00:00	48.42418101991656
2019-12-05 11:00:00	-16.909152313408217
2019-12-05 12:00:00	39.09084768657516
2019-12-05 13:00:00	49.31306990882443
2019-12-05 14:00:00	88.86862546440649
2019-12-05 15:00:00	100.42418101985608
2019-12-05 16:00:00	79.09084768660915
2019-12-05 17:00:00	39.090847686617515
2019-12-05 18:00:00	110.20195879770415
2019-12-05 19:00:00	12.868625464375178
2019-12-05 20:00:00	3.979736575480543
2019-12-05 21:00:00	-16.02026342449969
2019-12-05 22:00:00	-36.9091523134342
2019-12-05 23:00:00	-12.020263424473736
2019-12-06 00:00:00	-2.6869300912237772
2019-12-06 01:00:00	30.64640324217792
2019-12-06 02:00:00	54.20195879765582
2019-12-06 03:00:00	44.86862546442719
2019-12-06 04:00:00	51.09084768655552
2019-12-06 05:00:00	30.64640324215228
2019-12-06 06:00:00	51.03465045591741
2019-12-06 07:00:00	55.39828681962243
2019-12-06 08:00:00	43.180105001369164
2019-12-06 09:00:00	16.125559546839852
2019-12-06 10:00:00	24.424181019904537
2019-12-06 11:00:00	-16.909152313420314
2019-12-06 12:00:00	15.090847686563624
2019-12-06 13:00:00	25.313069908815848
2019-12-06 14:00:00	64.86862546441913
2019-12-06 15:00:00	76.42418101983263
2019-12-06 16:00:00	55.09084768660812
2019-12-06 17:00:00	15.090847686622713
2019-12-06 18:00:00	86.20195879770202
2019-12-06 19:00:00	12.868625464370385
2019-12-06 20:00:00	-20.020263424523172
2019-12-06 21:00:00	-16.020263424505046
2019-12-06 22:00:00	-36.90915231343215
2019-12-06 23:00:00	-12.020263424476326
2019-12-07 00:00:00	21.31306990877307
2019-12-07 01:00:00	30.646403242171314
2019-12-07 02:00:00	30.20195879766677
2019-12-07 03:00:00	44.868625464401596
2019-12-07 04:00:00	27.09084768655844
2019-12-07 05:00:00	30.646403242138565
2019-12-07 06:00:00	51.0346504559096
2019-12-07 07:00:00	31.398286819631217
2019-12-07 08:00:00	19.180105001389023
2019-12-07 09:00:00	-7.8744404531503704
2019-12-07 10:00:00	0.4241810199064968
2019-12-07 11:00:00	-16.909152313418318
2019-12-07 12:00:00	-8.909152313432166
2019-12-07 13:00:00	1.313069908836844
2019-12-07 14:00:00	40.868625464422195
2019-12-07 15:00:00	76.42418101984836
2019-12-07 16:00:00	55.09084768662473
2019-12-07 17:00:00	15.09084768661806
2019-12-07 18:00:00	86.2019587976855
2019-12-07 19:00:00	12.868625464375608
2019-12-07 20:00:00	3.979736575464056
2019-12-07 21:00:00	559.9797365754993
2019-12-07 22:00:00	515.0908476865728
2019-12-07 23:00:00	443.9797365755275
2019-12-08 00:00:00	309.31306990877397
2019-12-08 01:00:00	174.64640324215156
2019-12-08 02:00:00	126.20195879766084
2019-12-08 03:00:00	116.86862546440508
2019-12-08 04:00:00	75.09084768661054
2019-12-08 05:00:00	54.64640324213601
2019-12-08 06:00:00	99.03465045591035
2019-12-08 07:00:00	79.39828681962872
2019-12-08 08:00:00	115.1801050013791
2019-12-08 09:00:00	184.12555954685274
2019-12-08 10:00:00	312.4241810199248
2019-12-08 11:00:00	367.09084768657607
2019-12-08 12:00:00	327.09084768655924
2019-12-08 13:00:00	313.3130699088089
2019-12-08 14:00:00	280.8686254644158
2019-12-08 15:00:00	316.42418101987494
2019-12-08 16:00:00	247.0908476865888
2019-12-08 17:00:00	351.09084768661995
2019-12-08 18:00:00	350.20195879770574
2019-12-08 19:00:00	348.8686254643746
2019-12-08 20:00:00	387.97973657548425
2019-12-08 21:00:00	271.9797365754752
2019-12-08 22:00:00	155.0908476865725
2019-12-08 23:00:00	131.9797365755495
2019-12-09 00:00:00	117.31306990875888
2019-12-09 01:00:00	126.6464032421676
2019-12-09 02:00:00	150.2019587976613
2019-12-09 03:00:00	164.8686254643856
2019-12-09 04:00:00	147.090847686619
2019-12-09 05:00:00	126.64640324211354
2019-12-09 06:00:00	171.03465045590457
2019-12-09 07:00:00	199.3982868196188
2019-12-09 08:00:00	259.18010500138047
2019-12-09 09:00:00	256.12555954684217
2019-12-09 10:00:00	312.4241810199306
2019-12-09 11:00:00	463.09084768658226
2019-12-09 12:00:00	447.0908476865642
2019-12-09 13:00:00	385.3130699088018
2019-12-09 14:00:00	328.8686254644162
2019-12-09 15:00:00	340.4241810198457
2019-12-09 16:00:00	199.09084768662515
2019-12-09 17:00:00	159.0908476866082
2019-12-09 18:00:00	230.20195879770307
2019-12-09 19:00:00	156.86862546435486
2019-12-09 20:00:00	171.97973657549076
2019-12-09 21:00:00	151.97973657548945
2019-12-09 22:00:00	131.09084768657317
2019-12-09 23:00:00	131.9797365755502
2019-12-10 00:00:00	189.31306990876323
2019-12-10 01:00:00	222.64640324216933
2019-12-10 02:00:00	198.20195879768357
2019-12-10 03:00:00	212.8686254643488
2019-12-10 04:00:00	195.09084768662825
2019-12-10 05:00:00	150.64640324209068
2019-12-10 06:00:00	171.0346504559498
2019-12-10 07:00:00	199.39828681959392
2019-12-10 08:00:00	187.18010500142054
2019-12-10 09:00:00	256.1255595468349
2019-12-10 10:00:00	168.42418101993863
2019-12-10 11:00:00	103.09084768657424
2019-12-10 12:00:00	63.090847686583
2019-12-10 13:00:00	121.31306990880859
2019-12-10 14:00:00	88.86862546439781
2019-12-10 15:00:00	148.4241810198698
2019-12-10 16:00:00	127.09084768661127
2019-12-10 17:00:00	111.09084768660404
2019-12-10 18:00:00	158.20195879769506
2019-12-10 19:00:00	156.86862546436606
2019-12-10 20:00:00	579.9797365754885
2019-12-10 21:00:00	295.97973657545634
2019-12-10 22:00:00	131.09084768654787
2019-12-10 23:00:00	83.97973657558755
2019-12-11 00:00:00	69.31306990873279
2019-12-11 01:00:00	54.64640324216317
2019-12-11 02:00:00	30.201958797713072
2019-12-11 03:00:00	92.86862546434544
2019-12-11 04:00:00	75.09084768662103
2019-12-11 05:00:00	30.64640324211516
2019-12-11 06:00:00	75.0346504559238
2019-12-11 07:00:00	79.39828681959416
2019-12-11 08:00:00	43.18010500139129
2019-12-11 09:00:00	112.12555954684072
2019-12-11 10:00:00	96.42418101993763
2019-12-11 11:00:00	151.0908476865473
2019-12-11 12:00:00	207.0908476866158
2019-12-11 13:00:00	289.3130699087974
2019-12-11 14:00:00	256.8686254644233
2019-12-11 15:00:00	220.42418101985712
2019-12-11 16:00:00	103.09084768656736
2019-12-11 17:00:00	87.0908476866539
2019-12-11 18:00:00	158.20195879769602
2019-12-11 19:00:00	132.86862546437973
2019-12-11 20:00:00	243.97973657546416
2019-12-11 21:00:00	55.97973657549189
2019-12-11 22:00:00	11.090847686529635
2019-12-11 23:00:00	-12.0202634244269
2019-12-12 00:00:00	21.31306990876319
2019-12-12 01:00:00	30.646403242144338
2019-12-12 02:00:00	30.20195879771678
2019-12-12 03:00:00	68.86862546433115
2019-12-12 04:00:00	27.09084768663396
2019-12-12 05:00:00	6.646403242107647
2019-12-12 06:00:00	75.03465045592945
2019-12-12 07:00:00	55.39828681960023
2019-12-12 08:00:00	19.180105001396925
2019-12-12 09:00:00	88.12555954682051
2019-12-12 10:00:00	96.42418101995821
2019-12-12 11:00:00	31.09084768654443
2019-12-12 12:00:00	39.090847686598316
2019-12-12 13:00:00	73.31306990880414
2019-12-12 14:00:00	64.86862546442067
2019-12-12 15:00:00	148.42418101987064
2019-12-12 16:00:00	79.09084768660213
2019-12-12 17:00:00	87.090847686649
2019-12-12 18:00:00	422.20195879765674
2019-12-12 19:00:00	348.8686254643717
2019-12-12 20:00:00	315.97973657547135
2019-12-12 21:00:00	151.97973657548445
2019-12-12 22:00:00	83.09084768653403
2019-12-12 23:00:00	131.9797365755561
2019-12-13 00:00:00	189.31306990876408
2019-12-13 01:00:00	126.6464032421517
2019-12-13 02:00:00	54.201958797729745
2019-12-13 03:00:00	68.8686254643301
2019-12-13 04:00:00	3.09084768662888
2019-12-13 05:00:00	6.646403242117344
2019-12-13 06:00:00	99.0346504559152
2019-12-13 07:00:00	31.398286819564127
2019-12-13 08:00:00	43.18010500139547
2019-12-13 09:00:00	88.12555954683776
2019-12-13 10:00:00	72.42418101993191
2019-12-13 11:00:00	55.090847686549566
2019-12-13 12:00:00	63.09084768657898
2019-12-13 13:00:00	145.31306990882192
2019-12-13 14:00:00	136.86862546442046
2019-12-13 15:00:00	220.42418101989213
2019-12-13 16:00:00	103.09084768659228
2019-12-13 17:00:00	87.09084768663912
2019-12-13 18:00:00	182.20195879764154
2019-12-13 19:00:00	60.86862546441147
2019-12-13 20:00:00	75.97973657548364
2019-12-13 21:00:00	7.979736575450293
2019-12-13 22:00:00	35.09084768655528
2019-12-13 23:00:00	-12.020263424444511
2019-12-14 00:00:00	45.31306990880049
2019-12-14 01:00:00	54.646403242111745
2019-12-14 02:00:00	78.2019587977207
2019-12-14 03:00:00	116.86862546429633
2019-12-14 04:00:00	51.090847686671594
2019-12-14 05:00:00	54.64640324209717
2019-12-14 06:00:00	123.03465045594223
2019-12-14 07:00:00	55.398286819580186
2019-12-14 08:00:00	67.18010500138485
2019-12-14 09:00:00	112.12555954682152
2019-12-14 10:00:00	48.42418101996369
2019-12-14 11:00:00	7.090847686562132
2019-12-14 12:00:00	15.09084768657129
2019-12-14 13:00:00	73.31306990885076
2019-12-14 14:00:00	40.8686254644406
2019-12-14 15:00:00	124.42418101985314
2019-12-14 16:00:00	7.090847686595337
2019-12-14 17:00:00	39.090847686636536
2019-12-14 18:00:00	110.20195879764051
2019-12-14 19:00:00	-11.131374535600493
2019-12-14 20:00:00	123.97973657549578
2019-12-14 21:00:00	199.97973657546441
2019-12-14 22:00:00	251.0908476865578
2019-12-14 23:00:00	131.97973657558117
2019-12-15 00:00:00	141.31306990879906
2019-12-15 01:00:00	78.646403242106
2019-12-15 02:00:00	78.20195879771342
2019-12-15 03:00:00	116.8686254643427
2019-12-15 04:00:00	27.090847686665107
2019-12-15 05:00:00	54.646403242129026
2019-12-15 06:00:00	123.03465045591643
2019-12-15 07:00:00	79.39828681954816
2019-12-15 08:00:00	91.18010500143784
2019-12-15 09:00:00	136.12555954680866
2019-12-15 10:00:00	72.424181019976
2019-12-15 11:00:00	7.090847686560162
2019-12-15 12:00:00	15.09084768658594
2019-12-15 13:00:00	73.31306990882567
2019-12-15 14:00:00	16.86862546444061
2019-12-15 15:00:00	124.4241810198665
2019-12-15 16:00:00	31.09084768656716
2019-12-15 17:00:00	63.09084768666233
2019-12-15 18:00:00	134.20195879765848
2019-12-15 19:00:00	12.868625464394306
2019-12-15 20:00:00	27.97973657548262
2019-12-15 21:00:00	-40.02026342450417
2019-12-15 22:00:00	-12.909152313426747
2019-12-15 23:00:00	-60.02026342445068
2019-12-16 00:00:00	21.313069908779312
2019-12-16 01:00:00	6.646403242126307
2019-12-16 02:00:00	30.2019587977034
2019-12-16 03:00:00	68.86862546435387
2019-12-16 04:00:00	-20.90915231334653
2019-12-16 05:00:00	6.646403242113802
2019-12-16 06:00:00	99.03465045591469
2019-12-16 07:00:00	31.39828681956082
2019-12-16 08:00:00	43.18010500141665
2019-12-16 09:00:00	64.12555954679986
2019-12-16 10:00:00	24.424181019985316
2019-12-16 11:00:00	-16.909152313470234
2019-12-16 12:00:00	-8.909152313381686
2019-12-16 13:00:00	73.3130699088053
2019-12-16 14:00:00	40.86862546441756
2019-12-16 15:00:00	124.4241810198625
2019-12-16 16:00:00	55.09084768656764
2019-12-16 17:00:00	351.0908476866693
2019-12-16 18:00:00	398.2019587976694
2019-12-16 19:00:00	228.86862546434708
2019-12-16 20:00:00	243.97973657549176
2019-12-16 21:00:00	127.97973657543442
2019-12-16 22:00:00	131.09084768657178
2019-12-16 23:00:00	35.97973657552875
2019-12-17 00:00:00	117.31306990881245
2019-12-17 01:00:00	54.646403242113145
2019-12-17 02:00:00	102.20195879770529
2019-12-17 03:00:00	164.8686254643347
2019-12-17 04:00:00	123.09084768664826
2019-12-17 05:00:00	174.64640324211985
2019-12-17 06:00:00	291.03465045588956
2019-12-17 07:00:00	199.39828681955865
2019-12-17 08:00:00	91.18010500138465
2019-12-17 09:00:00	88.12555954683961
2019-12-17 10:00:00	24.424181019976132
2019-12-17 11:00:00	31.090847686557215
2019-12-17 12:00:00	15.090847686571156
2019-12-17 13:00:00	73.31306990880258
2019-12-17 14:00:00	64.86862546445084
2019-12-17 15:00:00	148.4241810198498
2019-12-17 16:00:00	31.090847686568402
2019-12-17 17:00:00	135.0908476866837
2019-12-17 18:00:00	926.2019587976581
2019-12-17 19:00:00	900.8686254643801
2019-12-17 20:00:00	579.9797365755048
2019-12-17 21:00:00	391.97973657543577
2019-12-17 22:00:00	515.0908476865594
2019-12-17 23:00:00	467.9797365755282
2019-12-18 00:00:00	573.3130699088172
2019-12-18 01:00:00	510.64640324210865
2019-12-18 02:00:00	510.2019587977307
2019-12-18 03:00:00	524.8686254643261
2019-12-18 04:00:00	363.09084768664343
2019-12-18 05:00:00	270.6464032421689
2019-12-18 06:00:00	291.03465045589076
2019-12-18 07:00:00	199.39828681954504
2019-12-18 08:00:00	187.18010500140042
2019-12-18 09:00:00	232.12555954681483
2019-12-18 10:00:00	168.42418102001437
2019-12-18 11:00:00	79.09084768653751
2019-12-18 12:00:00	63.09084768660156
2019-12-18 13:00:00	169.31306990879705
2019-12-18 14:00:00	160.86862546443948
2019-12-18 15:00:00	244.42418101982366
2019-12-18 16:00:00	103.09084768657002
2019-12-18 17:00:00	159.09084768667796
2019-12-18 18:00:00	206.20195879768897
2019-12-18 19:00:00	108.86862546438425
2019-12-18 20:00:00	123.97973657548488
2019-12-18 21:00:00	31.979736575447667
2019-12-18 22:00:00	107.09084768656705
2019-12-18 23:00:00	11.97973657555401
2019-12-19 00:00:00	165.31306990879008
2019-12-19 01:00:00	126.64640324210495
2019-12-19 02:00:00	150.2019587977551
2019-12-19 03:00:00	188.86862546437257
2019-12-19 04:00:00	147.09084768664974
2019-12-19 05:00:00	126.64640324212776
2019-12-19 06:00:00	243.03465045592273
2019-12-19 07:00:00	223.39828681953836
2019-12-19 08:00:00	283.18010500139275
2019-12-19 09:00:00	256.1255595468226
2019-12-19 10:00:00	144.424181020023
2019-12-19 11:00:00	127.0908476865629
2019-12-19 12:00:00	135.09084768655737
2019-12-19 13:00:00	193.31306990878636
2019-12-19 14:00:00	184.86862546446469
2019-12-19 15:00:00	244.42418101985115
2019-12-19 16:00:00	103.09084768654553
2019-12-19 17:00:00	159.09084768668936
2019-12-19 18:00:00	158.20195879764987
2019-12-19 19:00:00	420.86862546442114
2019-12-19 20:00:00	1299.9797365754926
2019-12-19 21:00:00	1135.9797365754478
2019-12-19 22:00:00	779.0908476865578
2019-12-19 23:00:00	467.9797365755632
2019-12-20 00:00:00	429.3130699087926
2019-12-20 01:00:00	390.64640324206925
2019-12-20 02:00:00	366.20195879774934
2019-12-20 03:00:00	500.86862546438044
2019-12-20 04:00:00	315.0908476866086
2019-12-20 05:00:00	438.64640324214025
2019-12-20 06:00:00	627.0346504558817
2019-12-20 07:00:00	487.3982868195621
2019-12-20 08:00:00	451.18010500141145
2019-12-20 09:00:00	664.1255595467874
2019-12-20 10:00:00	480.4241810200311
2019-12-20 11:00:00	391.0908476865409
2019-12-20 12:00:00	327.0908476865835
2019-12-20 13:00:00	409.3130699088009
2019-12-20 14:00:00	304.86862546442046
2019-12-20 15:00:00	364.4241810198461
2019-12-20 16:00:00	247.0908476865733
2019-12-20 17:00:00	207.09084768668498
2019-12-20 18:00:00	518.2019587977214
2019-12-20 19:00:00	924.8686254643773
2019-12-20 20:00:00	963.9797365755061
2019-12-20 21:00:00	919.9797365754011
2019-12-20 22:00:00	923.0908476865976
2019-12-20 23:00:00	779.979736575522
2019-12-21 00:00:00	885.3130699087563
2019-12-21 01:00:00	846.6464032421089
2019-12-21 02:00:00	774.2019587977734
2019-12-21 03:00:00	764.8686254643334
2019-12-21 04:00:00	627.0908476866333
2019-12-21 05:00:00	582.6464032421256
2019-12-21 06:00:00	651.0346504559077
2019-12-21 07:00:00	631.3982868196009
2019-12-21 08:00:00	667.1801050013607
2019-12-21 09:00:00	664.125559546862
2019-12-21 10:00:00	552.4241810200558
2019-12-21 11:00:00	487.0908476865052
2019-12-21 12:00:00	351.09084768662495
2019-12-21 13:00:00	409.3130699087661
2019-12-21 14:00:00	352.8686254644404
2019-12-21 15:00:00	412.4241810198509
2019-12-21 16:00:00	223.09084768653054
2019-12-21 17:00:00	207.0908476866936
2019-12-21 18:00:00	206.20195879762215
2019-12-21 19:00:00	156.8686254643723
2019-12-21 20:00:00	435.97973657552194
2019-12-21 21:00:00	1111.9797365754423
2019-12-21 22:00:00	1163.0908476865754
2019-12-21 23:00:00	851.9797365755647
2019-12-22 00:00:00	885.3130699087169
2019-12-22 01:00:00	630.6464032421171
2019-12-22 02:00:00	366.2019587977488
2019-12-22 03:00:00	212.86862546433522
2019-12-22 04:00:00	99.09084768666723
2019-12-22 05:00:00	126.64640324214848
2019-12-22 06:00:00	123.03465045587919
2019-12-22 07:00:00	103.39828681958376
2019-12-22 08:00:00	91.18010500135809
2019-12-22 09:00:00	112.12555954683822
2019-12-22 10:00:00	72.42418102000957
2019-12-22 12:00:00	-208.90915231341017
2019-12-22 13:00:00	159.09084768658136
2019-12-22 14:00:00	193.31306990880438
2019-12-22 15:00:00	184.86862546442615
2019-12-22 16:00:00	316.4241810199115
2019-12-22 17:00:00	175.09084768651095
2019-12-22 18:00:00	159.09084768667574
2019-12-22 19:00:00	158.20195879767803
2019-12-22 20:00:00	-179.13137453563147
2019-12-22 21:00:00	-668.0202634245276
2019-12-22 22:00:00	7.979736575410049
2019-12-22 23:00:00	227.09084768652676
2019-12-23 00:00:00	59.97973657557154
2019-12-23 01:00:00	333.31306990875476
2019-12-23 02:00:00	342.6464032421168
2019-12-23 03:00:00	294.2019587977395
2019-12-23 04:00:00	212.8686254643761
2019-12-23 05:00:00	99.0908476866055
2019-12-23 06:00:00	102.64640324213697
2019-12-23 07:00:00	99.0346504559324
2019-12-23 08:00:00	127.39828681953146
2019-12-23 09:00:00	67.18010500140915
2019-12-23 10:00:00	112.12555954680157
2019-12-23 11:00:00	72.42418101998763
2019-12-23 12:00:00	-184.9091523134469
2019-12-23 13:00:00	207.09084768661853
2019-12-23 14:00:00	217.31306990876814
2019-12-23 15:00:00	208.86862546441225
2019-12-23 16:00:00	364.42418101989665
2019-12-23 17:00:00	199.09084768653784
2019-12-23 18:00:00	231.0908476866979
2019-12-23 19:00:00	206.20195879767041
2019-12-23 20:00:00	-107.13137453565469
2019-12-23 21:00:00	-236.0202634245007
2019-12-23 22:00:00	751.9797365754687
2019-12-23 23:00:00	899.0908476865624
2019-12-24 00:00:00	443.979736575525
2019-12-24 01:00:00	573.3130699087953
2019-12-24 02:00:00	510.64640324207977
2019-12-24 03:00:00	390.20195879779936
2019-12-24 04:00:00	284.86862546434946
2019-12-24 05:00:00	171.09084768657763
2019-12-24 06:00:00	246.6464032421839
2019-12-24 07:00:00	267.03465045586125
2019-12-24 08:00:00	295.3982868195712
2019-12-24 09:00:00	163.18010500137873
2019-12-24 10:00:00	184.12555954682193
