2019-11-01 02:00:00	37.66497804799688
2019-11-01 03:00:00	-18.001657916562603
2019-11-01 04:00:00	60.10743299249355
2019-11-01 05:00:00	-0.547112461934006
2019-11-01 06:00:00	100.25288753796643
2019-11-01 07:00:00	44.77608915902721
2019-11-01 08:00:00	-25.00168861866263
2019-11-01 09:00:00	111.88720027017132
2019-11-01 10:00:00	107.44275582573053
2019-11-01 11:00:00	26.99831138129773
2019-11-01 12:00:00	99.88720027025668
2019-11-01 13:00:00	157.22053360347303
2019-11-01 14:00:00	3.887200270126668
2019-11-01 15:00:00	75.44275582574909
2019-11-01 16:00:00	-29.446133063183197
2019-11-01 17:00:00	53.664978047951344
2019-11-01 18:00:00	129.6649780479971
2019-11-01 19:00:00	-4.55724417419307
2019-11-01 20:00:00	-60.112799729907806
2019-11-01 21:00:00	130.9983113813346
2019-11-01 22:00:00	15.442755825770186
2019-11-01 23:00:00	78.10942249236122
2019-11-02 00:00:00	44.776089159027904
2019-11-02 01:00:00	179.442755825749
2019-11-02 02:00:00	85.6649780479786
2019-11-02 03:00:00	53.99834208346554
2019-11-02 04:00:00	108.10743299246592
2019-11-02 05:00:00	47.45288753804545
2019-11-02 06:00:00	124.25288753797939
2019-11-02 07:00:00	92.77608915902971
2019-11-02 08:00:00	22.998311381332073
2019-11-02 09:00:00	135.8872002701406
2019-11-02 10:00:00	131.44275582573127
2019-11-02 11:00:00	2.9983113812805304
2019-11-02 12:00:00	99.88720027026366
2019-11-02 13:00:00	181.2205336034951
2019-11-02 14:00:00	27.887200270118583
2019-11-02 15:00:00	75.44275582575405
2019-11-02 16:00:00	-5.446133063168705
2019-11-02 17:00:00	101.66497804794714
2019-11-02 18:00:00	249.66497804800323
2019-11-02 19:00:00	187.4427558257765
2019-11-02 20:00:00	155.88720027010993
2019-11-02 21:00:00	298.99831138131793
2019-11-02 22:00:00	159.44275582574832
2019-11-02 23:00:00	198.1094224923779
2019-11-03 00:00:00	116.77608915903261
2019-11-03 01:00:00	251.44275582574815
2019-11-03 02:00:00	157.6649780479838
2019-11-03 03:00:00	101.99834208343992
2019-11-03 04:00:00	156.1074329924918
2019-11-03 05:00:00	95.45288753803636
2019-11-03 06:00:00	172.25288753798918
2019-11-03 07:00:00	116.77608915904024
2019-11-03 08:00:00	-1.0016886186646148
2019-11-03 09:00:00	87.8872002701569
2019-11-03 10:00:00	131.44275582574744
2019-11-03 11:00:00	74.99831138125948
2019-11-03 12:00:00	195.88720027026636
2019-11-03 13:00:00	253.22053360347448
2019-11-03 14:00:00	27.88720027013563
2019-11-03 15:00:00	27.442755825746854
2019-11-03 16:00:00	-53.446133063146625
2019-11-03 17:00:00	5.6649780479409095
2019-11-03 18:00:00	105.66497804798797
2019-11-03 19:00:00	-76.55724417422647
2019-11-03 20:00:00	-84.11279972990384
2019-11-03 21:00:00	58.99831138134509
2019-11-03 22:00:00	-56.55724417425742
2019-11-03 23:00:00	6.109422492371891
2019-11-04 00:00:00	-51.22391084095038
2019-11-04 01:00:00	83.44275582573957
2019-11-04 02:00:00	37.66497804798482
2019-11-04 03:00:00	-42.00165791654428
2019-11-04 04:00:00	36.1074329924859
2019-11-04 05:00:00	-24.547112461970787
2019-11-04 06:00:00	52.252887537974516
2019-11-04 07:00:00	20.77608915905192
2019-11-04 08:00:00	-49.00168861866384
2019-11-04 09:00:00	63.88720027015259
2019-11-04 10:00:00	59.442755825735745
2019-11-04 11:00:00	-21.00168861874438
2019-11-04 12:00:00	51.887200270284566
2019-11-04 13:00:00	109.22053360347557
2019-11-04 14:00:00	-20.112799729881832
2019-11-04 15:00:00	3.4427558257438813
2019-11-04 16:00:00	-29.446133063140124
2019-11-04 17:00:00	5.664978047933101
2019-11-04 18:00:00	105.66497804799212
2019-11-04 19:00:00	-52.55724417423159
2019-11-04 20:00:00	-60.112799729908545
2019-11-04 21:00:00	58.99831138133964
2019-11-04 22:00:00	-32.55724417426201
2019-11-04 23:00:00	6.109422492381147
2019-11-05 00:00:00	-51.22391084092903
2019-11-05 01:00:00	83.44275582572797
2019-11-05 02:00:00	37.664978047979105
2019-11-05 03:00:00	-18.001657916533617
2019-11-05 04:00:00	36.10743299247291
2019-11-05 05:00:00	-24.547112461969473
2019-11-05 06:00:00	52.252887537986865
2019-11-05 07:00:00	20.77608915902317
2019-11-05 08:00:00	-49.0016886186781
2019-11-05 09:00:00	39.88720027017294
2019-11-05 10:00:00	59.44275582573796
2019-11-05 11:00:00	-21.001688618730913
2019-11-05 12:00:00	27.887200270267662
2019-11-05 13:00:00	133.22053360350006
2019-11-05 14:00:00	-20.112799729902743
2019-11-05 15:00:00	3.442755825770004
2019-11-05 16:00:00	-29.446133063150697
2019-11-05 17:00:00	-18.335021952069585
2019-11-05 18:00:00	81.66497804799396
2019-11-05 19:00:00	-52.55724417422723
2019-11-05 20:00:00	-60.11279972990445
2019-11-05 21:00:00	34.99831138133662
2019-11-05 22:00:00	-32.557244174254976
2019-11-05 23:00:00	6.109422492396561
2019-11-06 00:00:00	-51.22391084094651
2019-11-06 01:00:00	83.44275582572799
2019-11-06 02:00:00	13.664978048001334
2019-11-06 03:00:00	-18.001657916568096
2019-11-06 04:00:00	36.107432992497564
2019-11-06 05:00:00	-24.547112461986494
2019-11-06 06:00:00	52.25288753799238
2019-11-06 07:00:00	20.77608915904412
2019-11-06 08:00:00	-49.001688618687524
2019-11-06 09:00:00	63.88720027016125
2019-11-06 10:00:00	59.44275582573059
2019-11-06 11:00:00	2.9983113812576194
2019-11-06 12:00:00	51.887200270292865
2019-11-06 13:00:00	109.22053360347914
2019-11-06 14:00:00	3.88720027010977
2019-11-06 15:00:00	3.4427558257497273
2019-11-06 16:00:00	-5.446133063162219
2019-11-06 17:00:00	5.664978047937925
2019-11-06 18:00:00	105.66497804800154
2019-11-06 19:00:00	-52.557244174251394
2019-11-06 20:00:00	-36.11279972988247
2019-11-06 21:00:00	58.998311381332236
2019-11-06 22:00:00	-8.557244174252423
2019-11-06 23:00:00	54.109422492385775
2019-11-07 00:00:00	-3.2239108409598356
2019-11-07 01:00:00	155.44275582573727
2019-11-07 02:00:00	157.66497804797967
2019-11-07 03:00:00	413.9983420834553
2019-11-07 04:00:00	180.1074329924847
2019-11-07 05:00:00	-0.5471124619811376
2019-11-07 06:00:00	76.25288753801468
2019-11-07 07:00:00	20.776089159027254
2019-11-07 08:00:00	-25.00168861871289
2019-11-07 09:00:00	63.887200270168705
2019-11-07 10:00:00	59.44275582575966
2019-11-07 11:00:00	2.9983113812618507
2019-11-07 12:00:00	75.88720027027752
2019-11-07 13:00:00	109.22053360349865
2019-11-07 14:00:00	3.8872002700932686
2019-11-07 15:00:00	3.4427558257698294
2019-11-07 16:00:00	-5.446133063167353
2019-11-07 17:00:00	5.664978047937188
2019-11-07 18:00:00	81.66497804797459
2019-11-07 19:00:00	-52.55724417421874
2019-11-07 20:00:00	-36.112799729867355
2019-11-07 21:00:00	34.99831138132323
2019-11-07 22:00:00	-8.557244174249046
2019-11-07 23:00:00	30.109422492392873
2019-11-08 00:00:00	-51.22391084094085
2019-11-08 01:00:00	107.4427558256974
2019-11-08 02:00:00	37.66497804801628
2019-11-08 03:00:00	53.99834208343377
2019-11-08 04:00:00	204.10743299249688
2019-11-08 05:00:00	191.45288753801216
2019-11-08 06:00:00	244.25288753800697
2019-11-08 07:00:00	140.77608915902707
2019-11-08 08:00:00	22.99831138129479
2019-11-08 09:00:00	63.887200270163284
2019-11-08 10:00:00	35.44275582575782
2019-11-08 11:00:00	2.9983113812497875
2019-11-08 12:00:00	51.887200270268096
2019-11-08 13:00:00	109.22053360349754
2019-11-08 14:00:00	-20.112799729874265
2019-11-08 15:00:00	3.4427558257400883
2019-11-08 16:00:00	-29.446133063133445
2019-11-08 17:00:00	-18.33502195207206
2019-11-08 18:00:00	57.66497804796684
2019-11-08 19:00:00	-52.55724417422272
2019-11-08 20:00:00	-60.11279972987204
2019-11-08 21:00:00	34.998311381310074
2019-11-08 22:00:00	-32.557244174246414
2019-11-08 23:00:00	6.109422492397616
2019-11-09 00:00:00	-51.22391084093852
2019-11-09 01:00:00	59.44275582571513
2019-11-09 02:00:00	-10.335021952002014
2019-11-09 03:00:00	-18.001657916555637
2019-11-09 04:00:00	36.107432992516195
2019-11-09 05:00:00	-24.547112462007515
2019-11-09 06:00:00	52.252887538013226
2019-11-09 07:00:00	-3.223910840970687
2019-11-09 08:00:00	-49.00168861870904
2019-11-09 09:00:00	39.88720027020018
2019-11-09 10:00:00	35.44275582576414
2019-11-09 11:00:00	2.998311381248507
2019-11-09 12:00:00	27.88720027026277
2019-11-09 13:00:00	109.22053360351212
2019-11-09 14:00:00	-20.11279972986537
2019-11-09 15:00:00	-20.557244174232736
2019-11-09 16:00:00	-29.44613306315751
2019-11-09 17:00:00	5.664978047920057
2019-11-09 18:00:00	57.664978047988114
2019-11-09 19:00:00	-52.557244174250435
2019-11-09 20:00:00	-36.112799729836695
2019-11-09 21:00:00	34.99831138133372
2019-11-09 22:00:00	-32.55724417426633
2019-11-09 23:00:00	30.109422492384766
2019-11-10 00:00:00	-51.22391084093821
2019-11-10 01:00:00	59.44275582572468
2019-11-10 02:00:00	37.66497804797049
2019-11-10 03:00:00	-42.00165791653937
2019-11-10 04:00:00	60.10743299251144
2019-11-10 05:00:00	-24.54711246200259
2019-11-10 06:00:00	28.252887537994894
2019-11-10 07:00:00	20.77608915903359
2019-11-10 08:00:00	-49.00168861873004
2019-11-10 09:00:00	39.88720027022261
2019-11-10 10:00:00	11.442755825754785
2019-11-10 11:00:00	2.998311381253553
2019-11-10 12:00:00	27.887200270243408
2019-11-10 13:00:00	109.22053360350802
2019-11-10 14:00:00	-20.112799729878468
2019-11-10 15:00:00	-20.557244174266025
2019-11-10 16:00:00	-29.446133063148523
2019-11-10 17:00:00	5.664978047939426
2019-11-10 18:00:00	57.664978047971466
2019-11-10 19:00:00	-52.557244174243834
2019-11-10 20:00:00	-36.1127997298711
2019-11-10 21:00:00	34.998311381334574
2019-11-10 22:00:00	-32.55724417426085
2019-11-10 23:00:00	30.109422492382322
2019-11-11 00:00:00	-51.22391084094447
2019-11-11 01:00:00	83.4427558257236
2019-11-11 02:00:00	-10.335021952037575
2019-11-11 03:00:00	-42.00165791652714
2019-11-11 04:00:00	60.107432992509814
2019-11-11 05:00:00	-24.547112462000232
2019-11-11 06:00:00	28.252887538018598
2019-11-11 07:00:00	20.776089159025492
2019-11-11 08:00:00	-25.00168861869514
2019-11-11 09:00:00	39.88720027019695
2019-11-11 10:00:00	35.44275582574738
2019-11-11 11:00:00	2.9983113812346773
2019-11-11 12:00:00	51.887200270244804
2019-11-11 13:00:00	109.22053360350708
2019-11-11 14:00:00	-20.112799729864715
2019-11-11 15:00:00	3.442755825779617
2019-11-11 16:00:00	-5.446133063167421
2019-11-11 17:00:00	-18.33502195206527
2019-11-11 18:00:00	57.66497804796457
2019-11-11 19:00:00	-28.55724417421727
2019-11-11 20:00:00	-36.112799729869856
2019-11-11 21:00:00	58.99831138131477
2019-11-11 22:00:00	-32.55724417426242
2019-11-11 23:00:00	30.109422492377348
2019-11-12 00:00:00	-27.223910840920038
2019-11-12 01:00:00	83.44275582571309
2019-11-12 02:00:00	13.664978047965336
2019-11-12 03:00:00	-42.001657916526014
2019-11-12 04:00:00	84.10743299251551
2019-11-12 05:00:00	-0.5471124620114458
2019-11-12 06:00:00	28.252887538014193
2019-11-12 07:00:00	20.776089159020163
2019-11-12 08:00:00	-1.0016886186858005
2019-11-12 09:00:00	63.88720027020236
2019-11-12 10:00:00	59.4427558257416
2019-11-12 11:00:00	26.998311381228454
2019-11-12 12:00:00	51.8872002702509
2019-11-12 13:00:00	157.22053360352356
2019-11-12 14:00:00	75.88720027013557
2019-11-12 15:00:00	75.44275582576186
2019-11-12 16:00:00	66.55386693684062
2019-11-12 17:00:00	29.664978047933033
2019-11-12 18:00:00	81.66497804795236
2019-11-12 19:00:00	-4.557244174234729
2019-11-12 20:00:00	-12.112799729846163
2019-11-12 21:00:00	58.99831138134198
2019-11-12 22:00:00	-32.557244174266664
2019-11-12 23:00:00	54.10942249239263
2019-11-13 00:00:00	-27.223910840915618
2019-11-13 01:00:00	83.44275582569865
2019-11-13 02:00:00	13.664978047968553
2019-11-13 03:00:00	-42.00165791651531
2019-11-13 04:00:00	60.10743299248791
2019-11-13 05:00:00	-0.5471124619990886
2019-11-13 06:00:00	4.252887538020545
2019-11-13 07:00:00	-3.2239108410067945
2019-11-13 08:00:00	-1.0016886186955287
2019-11-13 09:00:00	39.887200270231425
2019-11-13 10:00:00	11.44275582575132
2019-11-13 11:00:00	2.9983113812252067
2019-11-13 12:00:00	51.887200270249245
2019-11-13 13:00:00	109.22053360353667
2019-11-13 14:00:00	-20.11279972986879
2019-11-13 15:00:00	-20.5572441742425
2019-11-13 16:00:00	-5.4461330631564415
2019-11-13 17:00:00	5.664978047933272
2019-11-13 18:00:00	33.66497804795605
2019-11-13 19:00:00	-4.557244174229565
2019-11-13 20:00:00	-36.11279972986267
2019-11-13 21:00:00	58.99831138133908
2019-11-13 22:00:00	-32.557244174257434
2019-11-13 23:00:00	54.109422492390486
2019-11-14 00:00:00	-27.22391084092625
2019-11-14 01:00:00	83.44275582570583
2019-11-14 02:00:00	13.664978047965022
2019-11-14 03:00:00	-18.001657916520312
2019-11-14 04:00:00	60.10743299251226
2019-11-14 05:00:00	23.452887537994886
2019-11-14 06:00:00	28.252887538012132
2019-11-14 07:00:00	20.77608915900916
2019-11-14 08:00:00	-1.0016886186996103
2019-11-14 09:00:00	63.8872002702192
2019-11-14 10:00:00	11.442755825737832
2019-11-14 11:00:00	2.998311381262303
2019-11-14 12:00:00	51.887200270236725
2019-11-14 13:00:00	85.22053360350043
2019-11-14 14:00:00	-20.112799729852853
2019-11-14 15:00:00	-20.557244174245493
2019-11-14 16:00:00	18.553866936851527
2019-11-14 17:00:00	-18.33502195204793
2019-11-14 18:00:00	33.664978047943265
2019-11-14 19:00:00	-4.557244174230059
2019-11-14 20:00:00	-12.112799729845412
2019-11-14 21:00:00	34.99831138132857
2019-11-14 22:00:00	-56.557244174266735
2019-11-14 23:00:00	30.10942249238358
2019-11-15 00:00:00	-27.223910840916663
2019-11-15 01:00:00	59.442755825726294
2019-11-15 02:00:00	13.664978047960073
2019-11-15 03:00:00	-42.001657916536615
2019-11-15 04:00:00	60.10743299254626
2019-11-15 05:00:00	-0.5471124620244647
2019-11-15 06:00:00	28.2528875380077
2019-11-15 07:00:00	-3.2239108409861643
2019-11-15 08:00:00	-1.001688618710698
2019-11-15 09:00:00	63.88720027019179
2019-11-15 10:00:00	11.442755825737645
2019-11-15 11:00:00	26.99831138125884
2019-11-15 12:00:00	75.887200270226
2019-11-15 13:00:00	85.22053360353132
2019-11-15 14:00:00	3.8872002701358475
2019-11-15 15:00:00	-20.557244174245938
2019-11-15 16:00:00	42.55386693684727
2019-11-15 17:00:00	-18.335021952048546
2019-11-15 18:00:00	57.66497804795119
2019-11-15 19:00:00	-4.55724417425602
2019-11-15 20:00:00	-12.112799729834844
2019-11-15 21:00:00	34.998311381345
2019-11-15 22:00:00	-32.55724417428125
2019-11-15 23:00:00	30.109422492372435
2019-11-16 00:00:00	-3.2239108409086437
2019-11-16 01:00:00	59.44275582571594
2019-11-16 02:00:00	13.664978047952356
2019-11-16 03:00:00	-18.00165791653049
2019-11-16 04:00:00	60.10743299251374
2019-11-16 05:00:00	-0.5471124619869978
2019-11-16 06:00:00	28.252887538016253
2019-11-16 07:00:00	-3.2239108409815356
2019-11-16 08:00:00	-1.0016886187216794
2019-11-16 09:00:00	63.887200270216525
2019-11-16 10:00:00	11.442755825737798
2019-11-16 11:00:00	2.9983113812565607
2019-11-16 12:00:00	75.88720027022616
2019-11-16 13:00:00	85.22053360352005
2019-11-16 14:00:00	-20.112799729840393
2019-11-16 15:00:00	-20.557244174237976
2019-11-16 16:00:00	42.55386693683801
2019-11-16 17:00:00	-18.33502195203817
2019-11-16 18:00:00	33.6649780479629
2019-11-16 19:00:00	-28.557244174246243
2019-11-16 20:00:00	-12.112799729862404
2019-11-16 21:00:00	10.998311381345284
2019-11-16 22:00:00	-32.557244174286346
2019-11-16 23:00:00	30.109422492394152
2019-11-17 00:00:00	20.776089159097186
2019-11-17 01:00:00	83.44275582571473
2019-11-17 02:00:00	37.66497804794343
2019-11-17 03:00:00	5.998342083454084
2019-11-17 04:00:00	60.1074329925261
2019-11-17 05:00:00	23.452887538007577
2019-11-17 06:00:00	52.252887537997566
2019-11-17 07:00:00	-3.223910840969127
2019-11-17 08:00:00	22.998311381281713
2019-11-17 09:00:00	63.88720027021063
2019-11-17 10:00:00	35.442755825745735
2019-11-17 11:00:00	26.998311381244047
2019-11-17 12:00:00	75.88720027021262
2019-11-17 13:00:00	85.22053360352216
2019-11-17 14:00:00	3.8872002701528294
2019-11-17 15:00:00	-20.557244174264564
2019-11-17 16:00:00	42.55386693685031
2019-11-17 17:00:00	-18.335021952065926
2019-11-17 18:00:00	33.66497804798194
2019-11-17 19:00:00	19.442755825732103
2019-11-17 20:00:00	11.887200270159006
2019-11-17 21:00:00	34.998311381324335
2019-11-17 22:00:00	-8.557244174286962
2019-11-17 23:00:00	30.109422492400753
2019-11-18 00:00:00	-3.2239108408908033
2019-11-18 01:00:00	59.44275582569362
2019-11-18 02:00:00	13.664978047949708
2019-11-18 03:00:00	-18.00165791654684
2019-11-18 04:00:00	36.10743299252278
2019-11-18 05:00:00	23.452887538006802
2019-11-18 06:00:00	28.252887537986155
2019-11-18 07:00:00	20.77608915903115
2019-11-18 08:00:00	22.998311381305395
2019-11-18 09:00:00	39.887200270204346
2019-11-18 10:00:00	35.442755825740015
2019-11-18 11:00:00	26.998311381264678
2019-11-18 12:00:00	75.88720027019775
2019-11-18 13:00:00	85.22053360353894
2019-11-18 14:00:00	3.8872002701522197
2019-11-18 15:00:00	-20.557244174262056
2019-11-18 16:00:00	42.55386693684591
2019-11-18 17:00:00	-18.335021952062597
2019-11-18 18:00:00	9.664978047989969
2019-11-18 19:00:00	-4.557244174265689
2019-11-18 20:00:00	11.887200270182744
2019-11-18 21:00:00	10.998311381293755
2019-11-18 22:00:00	-8.557244174279747
2019-11-18 23:00:00	30.109422492409184
2019-11-19 00:00:00	-3.22391084089696
2019-11-19 01:00:00	59.44275582567844
2019-11-19 02:00:00	13.664978047958126
2019-11-19 03:00:00	-18.001657916554773
2019-11-19 04:00:00	60.107432992533
2019-11-19 05:00:00	23.452887537993107
2019-11-19 06:00:00	28.252887538000053
2019-11-19 07:00:00	20.776089159052894
2019-11-19 08:00:00	22.99831138130006
2019-11-19 09:00:00	63.88720027021397
2019-11-19 10:00:00	11.442755825727847
2019-11-19 11:00:00	26.9983113812543
2019-11-19 12:00:00	75.88720027019204
2019-11-19 13:00:00	109.22053360351644
2019-11-19 14:00:00	3.8872002701789
2019-11-19 15:00:00	3.4427558257373234
2019-11-19 16:00:00	42.55386693682536
2019-11-19 17:00:00	29.66497804793431
2019-11-19 18:00:00	33.66497804798321
2019-11-19 19:00:00	-4.557244174256721
2019-11-19 20:00:00	11.887200270159193
2019-11-19 21:00:00	34.99831138131948
2019-11-19 22:00:00	-8.557244174277994
2019-11-19 23:00:00	54.10942249241224
2019-11-20 00:00:00	-3.2239108409229726
2019-11-20 01:00:00	59.44275582572703
2019-11-20 02:00:00	37.66497804794182
2019-11-20 03:00:00	-18.001657916546318
2019-11-20 04:00:00	60.10743299254349
2019-11-20 05:00:00	23.45288753797878
2019-11-20 06:00:00	28.252887537996088
2019-11-20 07:00:00	20.7760891590535
2019-11-20 08:00:00	-1.0016886186904275
2019-11-20 09:00:00	63.88720027021617
2019-11-20 10:00:00	11.442755825725328
2019-11-20 11:00:00	50.9983113812641
2019-11-20 12:00:00	99.88720027018645
2019-11-20 13:00:00	109.22053360350726
2019-11-20 14:00:00	27.887200270164122
2019-11-20 15:00:00	3.442755825721423
2019-11-20 16:00:00	42.553866936855314
2019-11-20 17:00:00	29.664978047960922
2019-11-20 18:00:00	33.664978047949774
2019-11-20 19:00:00	-4.557244174267527
2019-11-20 20:00:00	35.887200270191535
2019-11-20 21:00:00	34.99831138130211
2019-11-20 22:00:00	-8.557244174285772
2019-11-20 23:00:00	30.109422492418542
2019-11-21 00:00:00	-3.2239108409165445
2019-11-21 01:00:00	35.4427558257062
2019-11-21 02:00:00	13.66497804794918
2019-11-21 03:00:00	-18.00165791654915
2019-11-21 04:00:00	60.1074329925358
2019-11-21 05:00:00	23.452887537983614
2019-11-21 06:00:00	28.252887538007926
2019-11-21 07:00:00	20.776089159037692
2019-11-21 08:00:00	-1.0016886186817504
2019-11-21 09:00:00	63.88720027019387
2019-11-21 10:00:00	11.442755825736258
2019-11-21 11:00:00	26.998311381253046
2019-11-21 12:00:00	99.88720027019411
2019-11-21 13:00:00	85.22053360352275
2019-11-21 14:00:00	51.88720027015777
2019-11-21 15:00:00	3.4427558257015543
2019-11-21 16:00:00	42.5538669368642
2019-11-21 17:00:00	53.664978047964524
2019-11-21 18:00:00	105.66497804794547
2019-11-21 19:00:00	67.4427558257352
2019-11-21 20:00:00	107.88720027017949
2019-11-21 21:00:00	106.99831138130473
2019-11-21 22:00:00	39.44275582572933
2019-11-21 23:00:00	102.10942249241043
2019-11-22 00:00:00	44.77608915906785
2019-11-22 01:00:00	107.44275582569831
2019-11-22 02:00:00	109.66497804794864
2019-11-22 03:00:00	77.9983420834389
2019-11-22 04:00:00	108.10743299255947
2019-11-22 05:00:00	95.45288753796726
2019-11-22 06:00:00	100.25288753800307
2019-11-22 07:00:00	92.7760891590758
2019-11-22 08:00:00	94.99831138128356
2019-11-22 09:00:00	135.88720027019787
2019-11-22 10:00:00	155.44275582574699
2019-11-22 11:00:00	218.99831138125143
2019-11-22 12:00:00	387.88720027019554
2019-11-22 13:00:00	445.2205336035171
2019-11-22 14:00:00	531.887200270147
2019-11-22 15:00:00	627.4427558257123
2019-11-22 16:00:00	714.5538669368856
2019-11-22 17:00:00	701.6649780479781
2019-11-22 18:00:00	609.6649780479205
2019-11-22 19:00:00	523.4427558257581
2019-11-22 20:00:00	587.8872002701681
2019-11-22 21:00:00	442.9983113813049
2019-11-22 22:00:00	303.4427558257055
2019-11-22 23:00:00	222.10942249245164
2019-11-23 00:00:00	140.776089159057
2019-11-23 01:00:00	155.44275582570998
2019-11-23 02:00:00	109.66497804792911
2019-11-23 03:00:00	101.99834208346566
2019-11-23 04:00:00	108.10743299256525
2019-11-23 05:00:00	95.4528875379658
2019-11-23 06:00:00	52.25288753799373
2019-11-23 07:00:00	44.776089159067716
2019-11-23 08:00:00	46.998311381315965
2019-11-23 09:00:00	135.88720027019272
2019-11-23 10:00:00	155.44275582574184
2019-11-23 11:00:00	146.9983113812374
2019-11-23 12:00:00	243.88720027017746
2019-11-23 13:00:00	253.22053360351723
2019-11-23 14:00:00	267.88720027016
2019-11-23 15:00:00	51.44275582575014
2019-11-23 16:00:00	18.553866936864395
2019-11-23 17:00:00	5.664978047959793
2019-11-23 18:00:00	9.664978047936447
2019-11-23 19:00:00	-4.557244174253192
2019-11-23 20:00:00	11.88720027017553
2019-11-23 21:00:00	58.99831138128233
2019-11-23 22:00:00	-8.557244174268586
2019-11-23 23:00:00	30.10942249244861
2019-11-24 00:00:00	20.776089159043863
2019-11-24 01:00:00	35.442755825709675
2019-11-24 02:00:00	37.66497804793742
2019-11-24 03:00:00	5.998342083456507
2019-11-24 04:00:00	36.10743299252886
2019-11-24 05:00:00	47.45288753797892
2019-11-24 06:00:00	28.252887537983895
2019-11-24 07:00:00	44.77608915909647
2019-11-24 08:00:00	-1.0016886187034046
2019-11-24 09:00:00	15.887200270204586
2019-11-24 10:00:00	35.442755825727644
2019-11-24 11:00:00	26.99831138124242
2019-11-24 12:00:00	123.88720027016926
2019-11-24 13:00:00	37.22053360353646
2019-11-24 14:00:00	75.88720027017636
2019-11-24 15:00:00	27.442755825725765
2019-11-24 16:00:00	18.55386693686489
2019-11-24 17:00:00	53.664978047973314
2019-11-24 18:00:00	33.664978047914275
2019-11-24 19:00:00	-28.557244174275365
2019-11-24 20:00:00	35.88720027020888
2019-11-24 21:00:00	34.998311381256975
2019-11-24 22:00:00	15.442755825730494
2019-11-24 23:00:00	30.109422492428376
2019-11-25 00:00:00	44.776089159060255
2019-11-25 01:00:00	35.442755825715
2019-11-25 02:00:00	61.664978047934056
2019-11-25 03:00:00	5.998342083465803
2019-11-25 04:00:00	60.10743299255776
2019-11-25 05:00:00	47.4528875379499
2019-11-25 06:00:00	28.252887538007798
2019-11-25 07:00:00	44.7760891590838
2019-11-25 08:00:00	22.998311381290186
2019-11-25 09:00:00	39.88720027019231
2019-11-25 10:00:00	83.4427558257501
2019-11-25 11:00:00	50.99831138124927
2019-11-25 12:00:00	123.88720027016586
2019-11-25 13:00:00	37.2205336035387
2019-11-25 14:00:00	75.88720027016242
2019-11-25 15:00:00	27.442755825731723
2019-11-25 16:00:00	18.553866936864345
2019-11-25 17:00:00	77.66497804798394
2019-11-25 18:00:00	33.66497804788833
2019-11-25 19:00:00	19.44275582575957
2019-11-25 20:00:00	35.88720027017579
2019-11-25 21:00:00	58.99831138128691
2019-11-25 22:00:00	15.442755825746408
2019-11-25 23:00:00	54.10942249243177
2019-11-26 00:00:00	140.77608915905813
2019-11-26 01:00:00	107.44275582571439
2019-11-26 02:00:00	133.66497804794238
2019-11-26 03:00:00	101.99834208347028
2019-11-26 04:00:00	108.10743299255591
2019-11-26 05:00:00	119.45288753795259
2019-11-26 06:00:00	52.252887537992464
2019-11-26 07:00:00	92.77608915910324
2019-11-26 08:00:00	94.99831138129754
2019-11-26 09:00:00	87.88720027018161
2019-11-26 10:00:00	131.4427558257364
2019-11-26 11:00:00	98.99831138127196
2019-11-26 12:00:00	267.88720027016865
2019-11-26 13:00:00	445.220533603527
2019-11-26 14:00:00	339.8872002701771
2019-11-26 15:00:00	75.44275582574335
2019-11-26 16:00:00	90.5538669368322
2019-11-26 17:00:00	221.66497804798053
2019-11-26 18:00:00	105.66497804791238
2019-11-26 19:00:00	-4.557244174266068
2019-11-26 20:00:00	11.887200270190776
2019-11-26 21:00:00	34.99831138128438
2019-11-26 22:00:00	-56.55724417428602
2019-11-26 23:00:00	-17.89057750755848
2019-11-27 00:00:00	20.776089159075845
2019-11-27 01:00:00	-12.557244174291304
2019-11-27 02:00:00	13.664978047935392
2019-11-27 03:00:00	5.99834208347223
2019-11-27 04:00:00	12.107432992568953
2019-11-27 05:00:00	23.452887537954187
2019-11-27 06:00:00	-19.74711246202456
2019-11-27 07:00:00	20.776089159113113
2019-11-27 08:00:00	22.99831138129403
2019-11-27 09:00:00	-8.112799729824125
2019-11-27 10:00:00	35.442755825736306
2019-11-27 11:00:00	50.99831138128128
2019-11-27 12:00:00	147.887200270168
2019-11-27 13:00:00	-10.77946639648192
2019-11-27 14:00:00	27.88720027017356
2019-11-27 15:00:00	-44.55724417424824
2019-11-27 16:00:00	-5.446133063159849
2019-11-27 17:00:00	5.664978047984058
2019-11-27 18:00:00	-62.3350219521071
2019-11-27 19:00:00	-4.557244174270855
2019-11-27 20:00:00	11.887200270188318
2019-11-27 21:00:00	10.998311381258715
2019-11-27 22:00:00	-32.557244174258635
2019-11-27 23:00:00	6.1094224924281395
2019-11-28 00:00:00	20.77608915907767
2019-11-28 01:00:00	11.442755825723612
2019-11-28 02:00:00	37.66497804793611
2019-11-28 03:00:00	5.998342083458729
2019-11-28 04:00:00	12.107432992577925
2019-11-28 05:00:00	47.45288753793208
2019-11-28 06:00:00	-19.747112462003145
2019-11-28 07:00:00	20.776089159082602
2019-11-28 08:00:00	22.998311381296112
2019-11-28 09:00:00	15.887200270193173
2019-11-28 10:00:00	59.44275582573508
2019-11-28 11:00:00	74.99831138129068
2019-11-28 12:00:00	147.8872002701597
2019-11-28 13:00:00	-10.77946639646369
2019-11-28 14:00:00	51.88720027018819
2019-11-28 15:00:00	-44.55724417425458
2019-11-28 16:00:00	18.55386693684272
2019-11-28 17:00:00	5.664978047982169
2019-11-28 18:00:00	-38.33502195209673
2019-11-28 19:00:00	-4.557244174265729
2019-11-28 20:00:00	35.887200270174404
2019-11-28 21:00:00	226.9983113812783
2019-11-28 22:00:00	519.4427558257358
2019-11-28 23:00:00	438.1094224924312
2019-11-29 00:00:00	308.7760891590784
2019-11-29 01:00:00	299.4427558257198
2019-11-29 02:00:00	301.66497804795563
2019-11-29 03:00:00	269.99834208346135
2019-11-29 04:00:00	252.10743299258522
2019-11-29 05:00:00	287.45288753795575
2019-11-29 06:00:00	220.25288753797622
2019-11-29 07:00:00	260.7760891590938
2019-11-29 08:00:00	262.9983113812902
2019-11-29 09:00:00	255.8872002701779
2019-11-29 10:00:00	227.44275582571686
2019-11-29 11:00:00	218.99831138130116
2019-11-29 12:00:00	243.88720027017035
2019-11-29 13:00:00	37.220533603524736
2019-11-29 14:00:00	51.88720027018057
2019-11-29 15:00:00	-20.55724417425482
2019-11-29 16:00:00	42.55386693684476
2019-11-29 17:00:00	53.66497804796466
2019-11-29 18:00:00	-14.335021952072712
2019-11-29 19:00:00	-4.5572441742800045
2019-11-29 20:00:00	35.88720027018151
2019-11-29 21:00:00	34.998311381275286
2019-11-29 22:00:00	39.44275582576174
2019-11-29 23:00:00	30.109422492390316
2019-11-30 00:00:00	44.776089159099186
2019-11-30 01:00:00	59.44275582572041
2019-11-30 02:00:00	37.664978047962684
2019-11-30 03:00:00	29.998342083438878
2019-11-30 04:00:00	36.10743299259702
2019-11-30 05:00:00	71.45288753792363
2019-11-30 06:00:00	4.252887537978012
2019-11-30 07:00:00	44.77608915908128
2019-11-30 08:00:00	94.99831138131562
2019-11-30 09:00:00	135.8872002701546
2019-11-30 10:00:00	107.44275582571272
2019-11-30 11:00:00	146.9983113813132
2019-11-30 12:00:00	267.88720027015677
2019-11-30 13:00:00	61.22053360353667
2019-11-30 14:00:00	75.88720027017078
2019-11-30 15:00:00	-20.557244174249583
2019-11-30 16:00:00	42.55386693684044
2019-11-30 17:00:00	29.664978047968383
2019-11-30 18:00:00	-38.335021952072
2019-11-30 19:00:00	-4.557244174246624
2019-11-30 20:00:00	11.887200270162733
2019-11-30 21:00:00	10.998311381272128
2019-11-30 22:00:00	-8.557244174242477
2019-11-30 23:00:00	30.10942249238522
2019-12-01 00:00:00	20.776089159103883
2019-12-01 01:00:00	11.442755825715814
2019-12-01 02:00:00	13.664978047978046
2019-12-01 03:00:00	5.998342083426124
2019-12-01 04:00:00	12.107432992576982
2019-12-01 05:00:00	71.45288753793837
2019-12-01 06:00:00	-43.74711246198719
2019-12-01 07:00:00	-3.2239108409387405
2019-12-01 08:00:00	46.998311381290605
2019-12-01 09:00:00	87.88720027015182
2019-12-01 10:00:00	59.44275582573859
2019-12-01 11:00:00	26.99831138130848
2019-12-01 12:00:00	195.88720027016095
2019-12-01 13:00:00	-10.77946639647308
2019-12-01 14:00:00	75.88720027018094
2019-12-01 15:00:00	-20.557244174257814
2019-12-01 16:00:00	18.553866936842308
2019-12-01 17:00:00	29.664978047965676
2019-12-01 18:00:00	-62.335021952053594
2019-12-01 19:00:00	-4.557244174243998
2019-12-01 20:00:00	-12.11279972983633
2019-12-01 21:00:00	10.998311381284235
2019-12-01 22:00:00	-56.55724417424711
2019-12-01 23:00:00	6.109422492376181
2019-12-02 00:00:00	20.776089159086368
2019-12-02 01:00:00	-12.557244174290577
2019-12-02 02:00:00	13.66497804796328
2019-12-02 03:00:00	-18.001657916547217
2019-12-02 04:00:00	12.107432992572225
2019-12-02 05:00:00	47.452887537973325
2019-12-02 06:00:00	-67.74711246198522
2019-12-02 07:00:00	-3.2239108409263166
2019-12-02 08:00:00	-25.00168861872633
2019-12-02 09:00:00	39.88720027016477
2019-12-02 10:00:00	35.44275582572575
2019-12-02 11:00:00	26.998311381307076
2019-12-02 13:00:00	147.88720027014287
2019-12-02 14:00:00	-34.77946639645669
2019-12-02 15:00:00	51.88720027018573
2019-12-02 16:00:00	-20.557244174272913
2019-12-02 17:00:00	18.55386693686593
2019-12-02 18:00:00	29.66497804795459
2019-12-02 19:00:00	-62.3350219520378
2019-12-02 20:00:00	-4.55724417424968
2019-12-02 21:00:00	-12.112799729837032
2019-12-02 22:00:00	10.998311381281496
2019-12-02 23:00:00	-32.55724417426536
2019-12-03 00:00:00	6.109422492389401
2019-12-03 01:00:00	44.77608915910381
2019-12-03 02:00:00	-12.557244174283673
2019-12-03 03:00:00	37.66497804794557
2019-12-03 04:00:00	5.998342083440557
2019-12-03 05:00:00	12.107432992580215
2019-12-03 06:00:00	47.45288753796831
2019-12-03 07:00:00	-67.74711246200224
2019-12-03 08:00:00	-3.2239108409384953
2019-12-03 10:00:00	-25.001688618676187
2019-12-03 11:00:00	39.88720027013656
2019-12-03 12:00:00	59.44275582574124
2019-12-03 13:00:00	50.99831138130605
2019-12-03 14:00:00	147.88720027013466
2019-12-03 15:00:00	-34.77946639645826
2019-12-03 16:00:00	51.887200270197745
2019-12-03 17:00:00	3.442755825747688
2019-12-03 18:00:00	18.553866936836982
2019-12-03 19:00:00	29.66497804798451
2019-12-03 20:00:00	-38.33502195204111
2019-12-03 21:00:00	-4.557244174280635
2019-12-03 22:00:00	-12.112799729824141
2019-12-03 23:00:00	-13.00168861873544
2019-12-04 00:00:00	-8.557244174253652
2019-12-04 01:00:00	6.109422492377055
2019-12-04 02:00:00	44.776089159112566
2019-12-04 03:00:00	-12.557244174280848
2019-12-04 04:00:00	37.66497804793764
2019-12-04 05:00:00	29.998342083442616
2019-12-04 06:00:00	12.10743299259109
2019-12-04 07:00:00	71.45288753798432
2019-12-04 08:00:00	-67.74711246199477
2019-12-04 09:00:00	-3.22391084097157
2019-12-04 10:00:00	-1.0016886186976786
2019-12-04 12:00:00	39.88720027016148
2019-12-04 13:00:00	59.44275582572593
2019-12-04 14:00:00	74.99831138130095
2019-12-04 15:00:00	147.88720027014594
2019-12-04 16:00:00	-34.77946639647253
2019-12-04 17:00:00	51.88720027019389
2019-12-04 18:00:00	3.4427558257454653
2019-12-04 19:00:00	18.553866936837167
2019-12-04 20:00:00	29.664978047955906
2019-12-04 21:00:00	-38.33502195202626
2019-12-04 22:00:00	19.442755825717885
2019-12-04 23:00:00	-12.112799729791103
2019-12-05 00:00:00	-13.001688618760394
2019-12-05 01:00:00	-32.557244174243976
2019-12-05 02:00:00	6.109422492380787
2019-12-05 03:00:00	20.776089159131224
2019-12-05 04:00:00	-12.557244174294436
2019-12-05 05:00:00	37.664978047950434
2019-12-05 06:00:00	53.99834208341921
2019-12-05 07:00:00	12.10743299258368
2019-12-05 08:00:00	71.45288753799913
2019-12-05 09:00:00	-67.74711246199404
2019-12-05 10:00:00	20.776089159056262
2019-12-05 11:00:00	142.99831138129005
2019-12-05 12:00:00	39.887200270166446
2019-12-05 13:00:00	59.44275582574325
2019-12-05 14:00:00	74.99831138131505
2019-12-05 15:00:00	-44.11279972988062
2019-12-05 16:00:00	13.22053360353574
2019-12-05 17:00:00	75.88720027019461
2019-12-05 18:00:00	123.44275582573925
2019-12-05 19:00:00	114.55386693683947
2019-12-05 20:00:00	29.664978047964475
2019-12-05 21:00:00	-38.33502195201209
2019-12-05 22:00:00	19.442755825699436
2019-12-05 23:00:00	-12.112799729786854
2019-12-06 00:00:00	10.998311381256698
2019-12-06 01:00:00	15.442755825761061
2019-12-06 02:00:00	6.109422492364786
2019-12-06 03:00:00	44.77608915910935
2019-12-06 04:00:00	-12.557244174292657
2019-12-06 05:00:00	37.66497804796088
2019-12-06 06:00:00	77.99834208344818
2019-12-06 07:00:00	36.10743299258207
2019-12-06 08:00:00	71.4528875379879
2019-12-06 09:00:00	-91.74711246200451
2019-12-06 10:00:00	20.77608915905294
2019-12-06 11:00:00	118.99831138128012
2019-12-06 12:00:00	15.887200270156319
2019-12-06 13:00:00	35.44275582573876
2019-12-06 14:00:00	50.99831138132082
2019-12-06 15:00:00	-68.11279972989857
2019-12-06 16:00:00	-10.779466396467356
2019-12-06 17:00:00	51.88720027020154
2019-12-06 18:00:00	27.442755825735315
2019-12-06 19:00:00	42.553866936840755
2019-12-06 20:00:00	5.664978047956186
2019-12-06 21:00:00	-14.33502195201913
2019-12-06 22:00:00	19.442755825704808
2019-12-06 23:00:00	-12.112799729788597
2019-12-07 00:00:00	-13.001688618751846
2019-12-07 01:00:00	15.442755825756937
2019-12-07 02:00:00	6.1094224923719915
2019-12-07 03:00:00	44.776089159085586
2019-12-07 04:00:00	-36.55724417428656
2019-12-07 05:00:00	37.66497804794591
2019-12-07 06:00:00	53.99834208343982
2019-12-07 07:00:00	12.107432992593552
2019-12-07 08:00:00	47.45288753800459
2019-12-07 09:00:00	-91.74711246199762
2019-12-07 10:00:00	20.776089159045515
2019-12-07 11:00:00	118.99831138128623
2019-12-07 12:00:00	-8.112799729842694
2019-12-07 13:00:00	35.4427558257579
2019-12-07 14:00:00	50.998311381326516
2019-12-07 15:00:00	-68.11279972988599
2019-12-07 16:00:00	-10.779466396447978
2019-12-07 17:00:00	51.88720027019158
2019-12-07 18:00:00	27.442755825717118
2019-12-07 19:00:00	66.55386693685001
2019-12-07 20:00:00	29.664978047948594
2019-12-07 21:00:00	345.66497804798513
2019-12-07 22:00:00	451.4427558257087
2019-12-07 23:00:00	443.8872002702146
2019-12-08 00:00:00	538.998311381252
2019-12-08 01:00:00	711.4427558257378
2019-12-08 02:00:00	534.1094224923685
2019-12-08 03:00:00	212.77608915909286
2019-12-08 04:00:00	11.442755825752538
2019-12-08 05:00:00	61.66497804794352
2019-12-08 06:00:00	101.99834208344485
2019-12-08 07:00:00	84.10743299258888
2019-12-08 08:00:00	167.45288753799622
2019-12-08 09:00:00	124.25288753800665
2019-12-08 10:00:00	308.7760891590642
2019-12-08 11:00:00	478.99831138128286
2019-12-08 12:00:00	207.88720027014705
2019-12-08 13:00:00	251.44275582573292
2019-12-08 14:00:00	218.99831138132487
2019-12-08 15:00:00	75.88720027013211
2019-12-08 16:00:00	133.22053360352123
2019-12-08 17:00:00	387.88720027019195
2019-12-08 18:00:00	387.4427558257365
2019-12-08 19:00:00	450.55386693684835
2019-12-08 20:00:00	317.66497804796296
2019-12-08 21:00:00	201.664978047965
2019-12-08 22:00:00	139.4427558257141
2019-12-08 23:00:00	131.8872002702296
2019-12-09 00:00:00	82.99831138124057
2019-12-09 01:00:00	135.44275582575588
2019-12-09 02:00:00	150.10942249236544
2019-12-09 03:00:00	188.7760891590742
2019-12-09 04:00:00	107.44275582576037
2019-12-09 05:00:00	157.66497804792124
2019-12-09 06:00:00	197.99834208343853
2019-12-09 07:00:00	180.10743299258266
2019-12-09 08:00:00	239.45288753799315
2019-12-09 09:00:00	124.25288753799826
2019-12-09 10:00:00	260.77608915906455
2019-12-09 11:00:00	406.9983113812894
2019-12-09 12:00:00	303.8872002701504
2019-12-09 13:00:00	299.44275582572976
2019-12-09 14:00:00	242.99831138132444
2019-12-09 15:00:00	27.88720027010585
2019-12-09 16:00:00	85.22053360355137
2019-12-09 17:00:00	147.88720027018988
2019-12-09 18:00:00	171.44275582573002
2019-12-09 19:00:00	162.55386693683414
2019-12-09 20:00:00	149.66497804796964
2019-12-09 21:00:00	129.66497804797464
2019-12-09 22:00:00	139.44275582571183
2019-12-09 23:00:00	131.88720027022916
2019-12-10 00:00:00	82.9983113812496
2019-12-10 01:00:00	135.44275582575085
2019-12-10 02:00:00	126.10942249238576
2019-12-10 03:00:00	164.7760891590481
2019-12-10 04:00:00	107.44275582576566
2019-12-10 05:00:00	133.6649780479026
2019-12-10 06:00:00	173.99834208347454
2019-12-10 07:00:00	108.10743299256528
2019-12-10 08:00:00	191.4528875380258
2019-12-10 09:00:00	52.25288753799492
2019-12-10 10:00:00	140.77608915907598
2019-12-10 11:00:00	238.99831138128044
2019-12-10 12:00:00	39.8872002701675
2019-12-10 13:00:00	59.44275582573541
2019-12-10 14:00:00	98.99831138130769
2019-12-10 15:00:00	-44.112799729871966
2019-12-10 16:00:00	37.22053360353317
2019-12-10 17:00:00	123.8872002701903
2019-12-10 18:00:00	99.44275582572905
2019-12-10 19:00:00	66.5538669368276
2019-12-10 20:00:00	125.66497804796863
2019-12-10 21:00:00	9.664978047952257
2019-12-10 22:00:00	-4.557244174308915
2019-12-10 23:00:00	11.88720027025714
2019-12-11 00:00:00	-37.00168861877627
2019-12-11 01:00:00	63.442755825743866
2019-12-11 02:00:00	6.109422492413648
2019-12-11 03:00:00	68.77608915904275
2019-12-11 04:00:00	-12.557244174242259
2019-12-11 05:00:00	37.66497804792574
2019-12-11 06:00:00	77.99834208345196
2019-12-11 07:00:00	12.10743299256685
2019-12-11 08:00:00	95.45288753800199
2019-12-11 09:00:00	-67.74711246199637
2019-12-11 10:00:00	68.77608915907462
2019-12-11 11:00:00	214.99831138125649
2019-12-11 12:00:00	111.88720027019102
2019-12-11 13:00:00	179.44275582572686
2019-12-11 14:00:00	218.99831138132996
2019-12-11 15:00:00	3.8872002701162636
2019-12-11 16:00:00	-34.77946639649739
2019-12-11 17:00:00	99.88720027022775
2019-12-11 18:00:00	99.4427558257342
2019-12-11 19:00:00	66.55386693685222
2019-12-11 20:00:00	173.66497804794446
2019-12-11 21:00:00	57.66497804798141
2019-12-11 22:00:00	19.442755825678947
2019-12-11 23:00:00	35.887200270244186
2019-12-12 00:00:00	-37.00168861875687
2019-12-12 01:00:00	63.442755825739894
2019-12-12 02:00:00	-17.89057750759072
2019-12-12 03:00:00	68.77608915903247
2019-12-12 04:00:00	-36.55724417423099
2019-12-12 05:00:00	37.664978047920286
2019-12-12 06:00:00	53.998342083460095
2019-12-12 07:00:00	-11.892567007430738
2019-12-12 08:00:00	71.45288753800253
2019-12-12 09:00:00	-67.74711246202082
2019-12-12 10:00:00	68.77608915909491
2019-12-12 11:00:00	142.99831138125566
2019-12-12 12:00:00	39.88720027017819
2019-12-12 13:00:00	59.442755825732284
2019-12-12 14:00:00	98.99831138132984
2019-12-12 15:00:00	-20.112799729875217
2019-12-12 16:00:00	-10.779466396473733
2019-12-12 17:00:00	123.88720027022897
2019-12-12 18:00:00	363.4427558256916
2019-12-12 19:00:00	210.55386693684608
2019-12-12 20:00:00	125.66497804794687
2019-12-12 21:00:00	57.66497804796975
2019-12-12 22:00:00	139.44275582568434
2019-12-12 23:00:00	83.88720027022906
2019-12-13 00:00:00	-13.001688618753985
2019-12-13 01:00:00	159.4427558257421
2019-12-13 02:00:00	54.10942249242821
2019-12-13 03:00:00	92.7760891590228
2019-12-13 04:00:00	-12.557244174236185
2019-12-13 05:00:00	37.66497804792906
2019-12-13 06:00:00	77.9983420834519
2019-12-13 07:00:00	-11.892567007457941
2019-12-13 08:00:00	95.45288753799949
2019-12-13 09:00:00	-43.747112462003265
2019-12-13 10:00:00	92.77608915907673
2019-12-13 11:00:00	166.99831138125631
2019-12-13 12:00:00	63.88720027016369
2019-12-13 13:00:00	83.44275582573988
2019-12-13 14:00:00	146.9983113813304
2019-12-13 15:00:00	27.887200270140323
2019-12-13 16:00:00	13.220533603519485
2019-12-13 17:00:00	99.88720027022313
2019-12-13 18:00:00	99.44275582568139
2019-12-13 19:00:00	114.55386693687078
2019-12-13 20:00:00	77.66497804796666
2019-12-13 21:00:00	33.66497804793935
2019-12-13 22:00:00	19.44275582569987
2019-12-13 23:00:00	59.887200270229755
2019-12-14 00:00:00	-61.001688618726334
2019-12-14 01:00:00	87.44275582571197
2019-12-14 02:00:00	6.109422492414694
2019-12-14 03:00:00	92.77608915900753
2019-12-14 04:00:00	11.442755825794453
2019-12-14 05:00:00	61.66497804791519
2019-12-14 06:00:00	101.99834208347134
2019-12-14 07:00:00	-11.892567007447491
2019-12-14 08:00:00	95.45288753799457
2019-12-14 09:00:00	4.252887537986524
2019-12-14 10:00:00	92.77608915909585
2019-12-14 11:00:00	142.9983113812712
2019-12-14 12:00:00	15.88720027016188
2019-12-14 13:00:00	11.442755825769018
2019-12-14 14:00:00	74.99831138134651
2019-12-14 15:00:00	-68.11279972988773
2019-12-14 16:00:00	-58.77946639647382
2019-12-14 17:00:00	75.88720027021638
2019-12-14 18:00:00	51.44275582568471
2019-12-14 19:00:00	114.55386693686842
2019-12-14 20:00:00	173.66497804797248
2019-12-14 21:00:00	129.66497804795168
2019-12-14 22:00:00	139.4427558257031
2019-12-14 23:00:00	227.88720027025366
2019-12-15 00:00:00	106.99831138127453
2019-12-15 01:00:00	183.44275582570222
2019-12-15 02:00:00	54.109422492407525
2019-12-15 03:00:00	116.77608915904142
2019-12-15 04:00:00	11.44275582578656
2019-12-15 05:00:00	85.66497804794216
2019-12-15 06:00:00	125.99834208345324
2019-12-15 07:00:00	36.10743299252844
2019-12-15 08:00:00	119.45288753803072
2019-12-15 09:00:00	28.252887537981238
2019-12-15 10:00:00	92.77608915910669
2019-12-15 11:00:00	166.99831138126598
2019-12-15 12:00:00	15.887200270167543
2019-12-15 13:00:00	11.44275582574438
2019-12-15 14:00:00	74.99831138134996
2019-12-15 15:00:00	-44.11279972987829
2019-12-15 16:00:00	-34.779466396499174
2019-12-15 17:00:00	75.88720027024071
2019-12-15 18:00:00	75.44275582569284
2019-12-15 19:00:00	18.553866936858768
2019-12-15 20:00:00	53.66497804796814
2019-12-15 21:00:00	-14.335021952013548
2019-12-15 22:00:00	-4.557244174293834
2019-12-15 23:00:00	35.88720027022918
2019-12-16 00:00:00	-61.001688618740005
2019-12-16 01:00:00	63.442755825719665
2019-12-16 02:00:00	-41.89057750760181
2019-12-16 03:00:00	68.77608915905623
2019-12-16 04:00:00	-36.55724417422247
2019-12-16 05:00:00	37.6649780479313
2019-12-16 06:00:00	53.99834208344815
2019-12-16 07:00:00	-35.892567007455746
2019-12-16 08:00:00	95.45288753801414
2019-12-16 09:00:00	52.252887537968775
2019-12-16 10:00:00	44.776089159116964
2019-12-16 11:00:00	142.99831138123727
2019-12-16 12:00:00	39.88720027019414
2019-12-16 13:00:00	11.442755825730414
2019-12-16 14:00:00	98.99831138132983
2019-12-16 15:00:00	-44.11279972989036
2019-12-16 16:00:00	-34.77946639648955
2019-12-16 17:00:00	171.88720027024476
2019-12-16 18:00:00	75.4427558257019
2019-12-16 19:00:00	42.553866936824164
2019-12-16 20:00:00	53.664978047974564
2019-12-16 21:00:00	-38.33502195207034
2019-12-16 22:00:00	19.442755825711753
2019-12-16 23:00:00	35.88720027021542
2019-12-17 00:00:00	-85.00168861871539
2019-12-17 01:00:00	87.44275582571048
2019-12-17 02:00:00	54.10942249239724
2019-12-17 03:00:00	164.7760891590438
2019-12-17 04:00:00	11.442755825776278
2019-12-17 05:00:00	61.66497804793161
2019-12-17 06:00:00	125.99834208342429
2019-12-17 07:00:00	12.107432992542396
2019-12-17 08:00:00	47.45288753799503
2019-12-17 09:00:00	28.252887537996344
2019-12-17 10:00:00	20.776089159107276
2019-12-17 11:00:00	166.99831138125828
2019-12-17 12:00:00	39.88720027016326
2019-12-17 13:00:00	35.442755825728014
2019-12-17 14:00:00	74.99831138135296
2019-12-17 15:00:00	-20.112799729899322
2019-12-17 16:00:00	-58.7794663964994
2019-12-17 17:00:00	195.88720027026145
2019-12-17 18:00:00	723.4427558256922
2019-12-17 19:00:00	570.5538669368435
2019-12-17 20:00:00	413.6649780479931
2019-12-17 21:00:00	345.664978047932
2019-12-17 22:00:00	355.4427558256991
2019-12-17 23:00:00	395.8872002702059
2019-12-18 00:00:00	274.998311381293
2019-12-18 01:00:00	423.44275582570805
2019-12-18 02:00:00	318.1094224924125
2019-12-18 03:00:00	428.77608915903676
2019-12-18 04:00:00	299.4427558257686
2019-12-18 05:00:00	349.6649780479736
2019-12-18 06:00:00	389.99834208341997
2019-12-18 07:00:00	276.1074329925375
2019-12-18 08:00:00	383.4528875380043
2019-12-18 09:00:00	268.2528875379778
2019-12-18 10:00:00	308.7760891591368
2019-12-18 11:00:00	310.9983113812476
2019-12-18 12:00:00	111.88720027018303
2019-12-18 13:00:00	107.44275582571512
2019-12-18 14:00:00	122.99831138134604
2019-12-18 15:00:00	27.88720027007801
2019-12-18 16:00:00	37.22053360350616
2019-12-18 17:00:00	171.88720027024976
2019-12-18 18:00:00	123.44275582571625
2019-12-18 19:00:00	66.5538669368475
2019-12-18 20:00:00	101.66497804796683
2019-12-18 21:00:00	9.664978047946889
2019-12-18 22:00:00	91.44275582570407
2019-12-18 23:00:00	107.88720027022886
2019-12-19 00:00:00	10.998311381267795
2019-12-19 01:00:00	135.4427558257107
2019-12-19 02:00:00	30.10942249243049
2019-12-19 03:00:00	188.77608915907166
2019-12-19 04:00:00	59.44275582577629
2019-12-19 05:00:00	109.66497804793724
2019-12-19 06:00:00	173.99834208344566
2019-12-19 07:00:00	108.10743299252437
2019-12-19 08:00:00	167.45288753799858
2019-12-19 09:00:00	292.2528875379872
2019-12-19 10:00:00	140.77608915914286
2019-12-19 11:00:00	238.99831138127433
2019-12-19 12:00:00	87.88720027014563
2019-12-19 13:00:00	107.44275582571154
2019-12-19 14:00:00	146.99831138137012
2019-12-19 15:00:00	51.887200270111215
2019-12-19 16:00:00	37.220533603480895
2019-12-19 17:00:00	147.88720027026332
2019-12-19 18:00:00	99.44275582568717
2019-12-19 19:00:00	162.5538669368783
2019-12-19 20:00:00	77.6649780479819
2019-12-19 21:00:00	-14.335021952052331
2019-12-19 22:00:00	163.4427558256956
2019-12-19 23:00:00	371.88720027023805
2019-12-20 00:00:00	226.99831138126623
2019-12-20 01:00:00	303.4427558256936
2019-12-20 02:00:00	126.1094224924293
2019-12-20 03:00:00	236.77608915908505
2019-12-20 04:00:00	131.44275582574835
2019-12-20 05:00:00	157.66497804795517
2019-12-20 06:00:00	197.99834208342125
2019-12-20 07:00:00	60.10743299253949
2019-12-20 08:00:00	239.45288753801438
2019-12-20 09:00:00	748.2528875379611
2019-12-20 10:00:00	500.77608915914874
2019-12-20 11:00:00	502.9983113812514
2019-12-20 12:00:00	303.887200270167
2019-12-20 13:00:00	371.4427558257237
2019-12-20 14:00:00	314.9983113813345
2019-12-20 15:00:00	195.8872002701045
2019-12-20 16:00:00	133.22053360350057
2019-12-20 17:00:00	171.88720027025883
2019-12-20 18:00:00	723.442755825742
2019-12-20 19:00:00	1026.5538669368354
2019-12-20 20:00:00	821.6649780479958
2019-12-20 21:00:00	657.6649780479124
2019-12-20 22:00:00	715.4427558257146
2019-12-20 23:00:00	851.887200270209
2019-12-21 00:00:00	586.9983113812427
2019-12-21 01:00:00	735.44275582571
2019-12-21 02:00:00	630.1094224924415
2019-12-21 03:00:00	692.7760891590452
2019-12-21 04:00:00	539.4427558257734
2019-12-21 05:00:00	541.6649780479373
2019-12-21 06:00:00	653.9983420834401
2019-12-21 07:00:00	564.1074329925771
2019-12-21 08:00:00	575.4528875379715
2019-12-21 09:00:00	748.2528875380087
2019-12-21 10:00:00	524.7760891591695
2019-12-21 11:00:00	622.9983113812204
2019-12-21 12:00:00	327.88720027019406
2019-12-21 13:00:00	299.44275582569077
2019-12-21 14:00:00	338.9983113813514
2019-12-21 15:00:00	171.88720027011658
2019-12-21 16:00:00	133.22053360345947
2019-12-21 17:00:00	171.88720027027685
2019-12-21 18:00:00	147.44275582567101
2019-12-21 19:00:00	90.55386693682902
2019-12-21 20:00:00	197.66497804800187
2019-12-21 21:00:00	441.66497804794295
2019-12-21 22:00:00	835.4427558256973
2019-12-21 23:00:00	611.8872002702351
2019-12-22 00:00:00	442.9983113812011
2019-12-22 01:00:00	567.4427558257185
2019-12-22 02:00:00	510.1094224924289
2019-12-22 03:00:00	620.776089159046
2019-12-22 04:00:00	467.4427558257937
2019-12-22 05:00:00	445.6649780479486
2019-12-22 06:00:00	437.9983420834179
2019-12-22 07:00:00	276.1074329925652
2019-12-22 08:00:00	167.45288753797945
2019-12-22 09:00:00	388.25288753799623
2019-12-22 10:00:00	212.7760891591371
2019-12-22 12:00:00	262.99831138128724
2019-12-22 13:00:00	207.88720027016996
2019-12-22 14:00:00	131.44275582571348
2019-12-22 15:00:00	290.9983113813413
2019-12-22 16:00:00	99.88720027016018
2019-12-22 17:00:00	133.22053360345424
2019-12-22 18:00:00	171.88720027025505
2019-12-22 19:00:00	123.44275582571626
2019-12-22 20:00:00	-5.446133063177543
2019-12-22 21:00:00	-186.33502195203744
2019-12-22 22:00:00	-254.3350219520966
2019-12-22 23:00:00	331.4427558256713
2019-12-23 00:00:00	155.88720027024567
2019-12-23 01:00:00	34.99831138123901
2019-12-23 02:00:00	111.44275582572142
2019-12-23 03:00:00	78.10942249241837
2019-12-23 04:00:00	188.77608915907706
2019-12-23 05:00:00	83.44275582573813
2019-12-23 06:00:00	157.66497804793573
2019-12-23 07:00:00	173.99834208346098
2019-12-23 08:00:00	156.10743299250893
2019-12-23 09:00:00	23.452887538020498
2019-12-23 10:00:00	244.25288753797156
2019-12-23 11:00:00	68.77608915911384
2019-12-23 12:00:00	118.99831138126132
2019-12-23 13:00:00	159.8872002702019
2019-12-23 14:00:00	107.44275582569847
2019-12-23 15:00:00	242.9983113813356
2019-12-23 16:00:00	99.88720027014412
2019-12-23 17:00:00	157.2205336034661
2019-12-23 18:00:00	195.8872002702713
2019-12-23 19:00:00	123.44275582570805
2019-12-23 20:00:00	-5.446133063192041
2019-12-23 21:00:00	221.66497804798846
2019-12-23 22:00:00	345.66497804795813
2019-12-23 23:00:00	667.442755825706
2019-12-24 00:00:00	419.88720027019457
2019-12-24 01:00:00	106.99831138126741
2019-12-24 02:00:00	135.44275582569645
2019-12-24 03:00:00	78.10942249245946
2019-12-24 04:00:00	188.77608915906524
2019-12-24 05:00:00	107.44275582571454
2019-12-24 06:00:00	181.66497804797126
2019-12-24 07:00:00	221.9983420834058
2019-12-24 08:00:00	180.10743299255867
2019-12-24 09:00:00	143.4528875379846
2019-12-24 10:00:00	364.2528875379803
